date,action,rule,interface_in,ipsrc,ipdst,proto,portsrc,portdst,year,month,day,timestamp,portsrc_range,portdst_range,hour,ipsrc_class,ipdst_class,isprivatesrc,isprivatedst
2024-03-10 14:33:06,PERMIT,1.0,eth0,172.17.0.3,172.17.0.2,TCP,64353.0,22.0,2024,3,10,14:33:06,Dynamic,well-known,14,B,B,Private,Private
2024-03-10 14:33:06,PERMIT,1.0,eth0,172.17.0.3,172.17.0.2,TCP,40832.0,22.0,2024,3,10,14:33:06,Registered,well-known,14,B,B,Private,Private
2024-03-10 14:33:07,DENY,34.0,eth0,192.168.1.20,172.17.0.2,TCP,3306.0,47578.0,2024,3,10,14:33:07,Registered,Registered,14,C,B,Private,Private
2024-03-10 14:33:51,PERMIT,1.0,eth0,172.17.0.3,172.17.0.2,TCP,38855.0,22.0,2024,3,10,14:33:51,Registered,well-known,14,B,B,Private,Private
2024-03-10 14:34:09,PERMIT,1.0,eth0,172.17.0.3,172.17.0.2,TCP,49645.0,22.0,2024,3,10,14:34:09,Dynamic,well-known,14,B,B,Private,Private
2024-03-10 14:34:12,PERMIT,1.0,eth0,172.17.0.3,172.17.0.2,TCP,50246.0,22.0,2024,3,10,14:34:12,Dynamic,well-known,14,B,B,Private,Private
2024-03-10 14:37:03,DENY,34.0,eth0,172.17.0.3,172.17.0.2,TCP,33461.0,1720.0,2024,3,10,14:37:03,Registered,Registered,14,B,B,Private,Private
2024-03-10 14:37:03,DENY,34.0,eth0,172.17.0.3,172.17.0.2,TCP,33461.0,256.0,2024,3,10,14:37:03,Registered,well-known,14,B,B,Private,Private
2024-03-10 14:37:03,DENY,34.0,eth0,172.17.0.3,172.17.0.2,TCP,33461.0,1025.0,2024,3,10,14:37:03,Registered,Registered,14,B,B,Private,Private
2024-03-10 14:37:03,DENY,34.0,eth0,172.17.0.3,172.17.0.2,TCP,33461.0,443.0,2024,3,10,14:37:03,Registered,well-known,14,B,B,Private,Private
2024-03-10 14:37:03,DENY,34.0,eth0,172.17.0.3,172.17.0.2,TCP,33461.0,1723.0,2024,3,10,14:37:03,Registered,Registered,14,B,B,Private,Private
2024-03-10 14:37:03,PERMIT,3.0,eth0,172.17.0.3,172.17.0.2,TCP,33461.0,21.0,2024,3,10,14:37:03,Registered,well-known,14,B,B,Private,Private
2024-03-10 14:37:03,PERMIT,5.0,eth0,172.17.0.3,172.17.0.2,TCP,33461.0,3306.0,2024,3,10,14:37:03,Registered,Registered,14,B,B,Private,Private
2024-03-10 14:37:03,PERMIT,4.0,eth0,172.17.0.3,172.17.0.2,TCP,33461.0,80.0,2024,3,10,14:37:03,Registered,well-known,14,B,B,Private,Private
2024-03-10 14:37:03,PERMIT,2.0,eth0,172.17.0.3,172.17.0.2,TCP,33461.0,23.0,2024,3,10,14:37:03,Registered,well-known,14,B,B,Private,Private
2024-03-10 14:37:03,PERMIT,7.0,eth0,172.17.0.3,172.17.0.2,TCP,33461.0,59785.0,2024,3,10,14:37:03,Registered,Dynamic,14,B,B,Private,Private
2024-03-10 14:37:03,PERMIT,7.0,eth0,172.17.0.3,172.17.0.2,TCP,33461.0,50674.0,2024,3,10,14:37:03,Registered,Dynamic,14,B,B,Private,Private
2024-03-10 14:37:03,PERMIT,7.0,eth0,172.17.0.3,172.17.0.2,TCP,33461.0,53812.0,2024,3,10,14:37:03,Registered,Dynamic,14,B,B,Private,Private
2024-03-10 14:37:03,PERMIT,7.0,eth0,172.17.0.3,172.17.0.2,TCP,33461.0,50217.0,2024,3,10,14:37:03,Registered,Dynamic,14,B,B,Private,Private
2024-03-10 14:37:03,PERMIT,3.0,eth0,172.17.0.3,172.17.0.2,TCP,33461.0,20.0,2024,3,10,14:37:03,Registered,well-known,14,B,B,Private,Private
2024-03-10 14:40:37,DENY,34.0,eth0,10.0.0.1,172.17.0.2,TCP,63008.0,8888.0,2024,3,10,14:40:37,Dynamic,Registered,14,A,B,Private,Private
2024-03-10 14:40:37,DENY,34.0,eth0,192.168.4.1,172.17.0.2,TCP,63008.0,8888.0,2024,3,10,14:40:37,Dynamic,Registered,14,C,B,Private,Private
2024-03-10 14:40:37,DENY,34.0,eth0,172.156.2.26,172.17.0.2,TCP,63008.0,8888.0,2024,3,10,14:40:37,Dynamic,Registered,14,B,B,Private,Private
2024-03-10 14:40:37,DENY,34.0,eth0,192.168.1.0,172.17.0.2,TCP,63008.0,8888.0,2024,3,10,14:40:37,Dynamic,Registered,14,C,B,Private,Private
2024-03-10 14:40:37,DENY,34.0,eth0,172.17.0.3,172.17.0.2,TCP,63008.0,8888.0,2024,3,10,14:40:37,Dynamic,Registered,14,B,B,Private,Private
2024-03-10 14:40:37,PERMIT,3.0,eth0,10.0.0.1,172.17.0.2,TCP,63008.0,21.0,2024,3,10,14:40:37,Dynamic,well-known,14,A,B,Private,Private
2024-03-10 14:40:37,PERMIT,3.0,eth0,192.168.4.1,172.17.0.2,TCP,63008.0,21.0,2024,3,10,14:40:37,Dynamic,well-known,14,C,B,Private,Private
2024-03-10 14:40:37,PERMIT,3.0,eth0,172.156.2.26,172.17.0.2,TCP,63008.0,21.0,2024,3,10,14:40:37,Dynamic,well-known,14,B,B,Private,Private
2024-03-10 14:40:37,PERMIT,3.0,eth0,192.168.1.0,172.17.0.2,TCP,63008.0,21.0,2024,3,10,14:40:37,Dynamic,well-known,14,C,B,Private,Private
2024-03-10 14:40:37,PERMIT,3.0,eth0,172.17.0.3,172.17.0.2,TCP,63008.0,21.0,2024,3,10,14:40:37,Dynamic,well-known,14,B,B,Private,Private
2024-03-10 14:40:37,PERMIT,4.0,eth0,10.0.0.1,172.17.0.2,TCP,63008.0,80.0,2024,3,10,14:40:37,Dynamic,well-known,14,A,B,Private,Private
2024-03-10 14:40:37,PERMIT,4.0,eth0,192.168.4.1,172.17.0.2,TCP,63008.0,80.0,2024,3,10,14:40:37,Dynamic,well-known,14,C,B,Private,Private
2024-03-10 14:40:37,PERMIT,4.0,eth0,172.156.2.26,172.17.0.2,TCP,63008.0,80.0,2024,3,10,14:40:37,Dynamic,well-known,14,B,B,Private,Private
2024-03-10 14:40:37,PERMIT,4.0,eth0,192.168.1.0,172.17.0.2,TCP,63008.0,80.0,2024,3,10,14:40:37,Dynamic,well-known,14,C,B,Private,Private
2024-03-10 14:40:37,PERMIT,4.0,eth0,172.17.0.3,172.17.0.2,TCP,63008.0,80.0,2024,3,10,14:40:37,Dynamic,well-known,14,B,B,Private,Private
2024-03-10 14:40:37,PERMIT,2.0,eth0,10.0.0.1,172.17.0.2,TCP,63008.0,23.0,2024,3,10,14:40:37,Dynamic,well-known,14,A,B,Private,Private
2024-03-10 14:40:37,PERMIT,2.0,eth0,192.168.4.1,172.17.0.2,TCP,63008.0,23.0,2024,3,10,14:40:37,Dynamic,well-known,14,C,B,Private,Private
2024-03-10 14:40:37,PERMIT,2.0,eth0,172.156.2.26,172.17.0.2,TCP,63008.0,23.0,2024,3,10,14:40:37,Dynamic,well-known,14,B,B,Private,Private
2024-03-10 14:40:37,PERMIT,2.0,eth0,192.168.1.0,172.17.0.2,TCP,63008.0,23.0,2024,3,10,14:40:37,Dynamic,well-known,14,C,B,Private,Private
2024-03-10 14:40:37,PERMIT,2.0,eth0,172.17.0.3,172.17.0.2,TCP,63008.0,23.0,2024,3,10,14:40:37,Dynamic,well-known,14,B,B,Private,Private
2024-03-10 14:40:37,PERMIT,5.0,eth0,10.0.0.1,172.17.0.2,TCP,63008.0,3306.0,2024,3,10,14:40:37,Dynamic,Registered,14,A,B,Private,Private
2024-03-10 14:40:37,PERMIT,5.0,eth0,192.168.4.1,172.17.0.2,TCP,63008.0,3306.0,2024,3,10,14:40:37,Dynamic,Registered,14,C,B,Private,Private
2024-03-10 14:40:37,PERMIT,5.0,eth0,172.156.2.26,172.17.0.2,TCP,63008.0,3306.0,2024,3,10,14:40:37,Dynamic,Registered,14,B,B,Private,Private
2024-03-10 14:40:38,PERMIT,5.0,eth0,192.168.1.0,172.17.0.2,TCP,63008.0,3306.0,2024,3,10,14:40:38,Dynamic,Registered,14,C,B,Private,Private
2024-03-10 14:40:38,PERMIT,5.0,eth0,172.17.0.3,172.17.0.2,TCP,63008.0,3306.0,2024,3,10,14:40:38,Dynamic,Registered,14,B,B,Private,Private
2024-03-10 14:40:38,PERMIT,7.0,eth0,10.0.0.1,172.17.0.2,TCP,63008.0,50674.0,2024,3,10,14:40:38,Dynamic,Dynamic,14,A,B,Private,Private
2024-03-10 14:40:38,PERMIT,7.0,eth0,192.168.4.1,172.17.0.2,TCP,63008.0,50674.0,2024,3,10,14:40:38,Dynamic,Dynamic,14,C,B,Private,Private
2024-03-10 14:40:38,PERMIT,7.0,eth0,172.156.2.26,172.17.0.2,TCP,63008.0,50674.0,2024,3,10,14:40:38,Dynamic,Dynamic,14,B,B,Private,Private
2024-03-10 14:40:38,PERMIT,7.0,eth0,192.168.1.0,172.17.0.2,TCP,63008.0,50674.0,2024,3,10,14:40:38,Dynamic,Dynamic,14,C,B,Private,Private
2024-03-10 14:40:38,PERMIT,7.0,eth0,172.17.0.3,172.17.0.2,TCP,63008.0,50674.0,2024,3,10,14:40:38,Dynamic,Dynamic,14,B,B,Private,Private
2024-03-10 14:40:38,DENY,34.0,eth0,10.0.0.1,172.17.0.2,TCP,63008.0,30636.0,2024,3,10,14:40:38,Dynamic,Registered,14,A,B,Private,Private
2024-03-10 14:40:39,PERMIT,7.0,eth0,10.0.0.1,172.17.0.2,TCP,63008.0,59785.0,2024,3,10,14:40:39,Dynamic,Dynamic,14,A,B,Private,Private
2024-03-10 14:40:39,PERMIT,7.0,eth0,10.0.0.1,172.17.0.2,TCP,63008.0,53812.0,2024,3,10,14:40:39,Dynamic,Dynamic,14,A,B,Private,Private
2024-03-10 14:40:39,PERMIT,7.0,eth0,192.168.4.1,172.17.0.2,TCP,63008.0,53812.0,2024,3,10,14:40:39,Dynamic,Dynamic,14,C,B,Private,Private
2024-03-10 14:40:39,DENY,34.0,eth0,172.5.2.8,172.17.0.2,TCP,63008.0,49177.0,2024,3,10,14:40:39,Dynamic,Dynamic,14,B,B,Private,Private
2024-03-10 14:40:41,DENY,34.0,eth0,10.172.11.2,172.17.0.2,TCP,63008.0,30240.0,2024,3,10,14:40:41,Dynamic,Registered,14,A,B,Private,Private
2024-03-10 14:40:41,DENY,34.0,eth0,172.17.0.3,172.17.0.2,TCP,63008.0,16009.0,2024,3,10,14:40:41,Dynamic,Registered,14,B,B,Private,Private
2024-03-10 14:40:43,DENY,34.0,eth0,194.25.56.2,172.17.0.2,TCP,63008.0,55275.0,2024,3,10,14:40:43,Dynamic,Dynamic,14,C,B,Public,Private
2024-03-10 14:40:43,DENY,34.0,eth0,172.17.0.3,172.17.0.2,TCP,63008.0,56185.0,2024,3,10,14:40:43,Dynamic,Dynamic,14,B,B,Private,Private
2024-03-10 14:40:45,DENY,34.0,eth0,10.172.11.2,172.17.0.2,TCP,63008.0,9890.0,2024,3,10,14:40:45,Dynamic,Registered,14,A,B,Private,Private
2024-03-10 14:40:45,DENY,34.0,eth0,28.12.15.20,172.17.0.2,TCP,63008.0,25887.0,2024,3,10,14:40:45,Dynamic,Registered,14,A,B,Public,Private
2024-03-10 14:40:46,PERMIT,3.0,eth0,10.0.0.1,172.17.0.2,TCP,63008.0,20.0,2024,3,10,14:40:46,Dynamic,well-known,14,A,B,Private,Private
2024-03-10 14:40:46,PERMIT,3.0,eth0,192.168.4.1,172.17.0.2,TCP,63008.0,20.0,2024,3,10,14:40:46,Dynamic,well-known,14,C,B,Private,Private
2024-03-10 14:40:46,PERMIT,3.0,eth0,172.156.2.26,172.17.0.2,TCP,63008.0,20.0,2024,3,10,14:40:46,Dynamic,well-known,14,B,B,Private,Private
2024-03-10 14:40:46,PERMIT,3.0,eth0,192.168.1.0,172.17.0.2,TCP,63008.0,20.0,2024,3,10,14:40:46,Dynamic,well-known,14,C,B,Private,Private
2024-03-10 14:40:46,PERMIT,3.0,eth0,172.17.0.3,172.17.0.2,TCP,63008.0,20.0,2024,3,10,14:40:46,Dynamic,well-known,14,B,B,Private,Private
2024-03-10 14:40:46,DENY,34.0,eth0,10.172.11.2,172.17.0.2,TCP,63008.0,56524.0,2024,3,10,14:40:46,Dynamic,Dynamic,14,A,B,Private,Private
2024-03-10 14:40:48,DENY,34.0,eth0,172.5.2.8,172.17.0.2,TCP,63008.0,64654.0,2024,3,10,14:40:48,Dynamic,Dynamic,14,B,B,Private,Private
2024-03-10 14:40:48,PERMIT,7.0,eth0,10.0.0.1,172.17.0.2,TCP,63008.0,50217.0,2024,3,10,14:40:48,Dynamic,Dynamic,14,A,B,Private,Private
2024-03-10 14:40:48,PERMIT,7.0,eth0,192.168.4.1,172.17.0.2,TCP,63008.0,50217.0,2024,3,10,14:40:48,Dynamic,Dynamic,14,C,B,Private,Private
2024-03-10 14:40:48,PERMIT,7.0,eth0,172.156.2.26,172.17.0.2,TCP,63008.0,50217.0,2024,3,10,14:40:48,Dynamic,Dynamic,14,B,B,Private,Private
2024-03-10 14:40:48,PERMIT,7.0,eth0,192.168.1.0,172.17.0.2,TCP,63008.0,50217.0,2024,3,10,14:40:48,Dynamic,Dynamic,14,C,B,Private,Private
2024-03-10 14:40:48,PERMIT,7.0,eth0,172.17.0.3,172.17.0.2,TCP,63008.0,50217.0,2024,3,10,14:40:48,Dynamic,Dynamic,14,B,B,Private,Private
2024-03-10 14:41:19,DENY,34.0,eth0,10.0.0.1,172.17.0.2,TCP,47562.0,199.0,2024,3,10,14:41:19,Registered,well-known,14,A,B,Private,Private
2024-03-10 14:41:19,DENY,34.0,eth0,192.168.4.1,172.17.0.2,TCP,47562.0,199.0,2024,3,10,14:41:19,Registered,well-known,14,C,B,Private,Private
2024-03-10 14:41:19,DENY,34.0,eth0,172.156.2.26,172.17.0.2,TCP,47562.0,199.0,2024,3,10,14:41:19,Registered,well-known,14,B,B,Private,Private
2024-03-10 14:41:19,DENY,34.0,eth0,192.168.1.0,172.17.0.2,TCP,47562.0,199.0,2024,3,10,14:41:19,Registered,well-known,14,C,B,Private,Private
2024-03-10 14:41:19,DENY,34.0,eth0,10.10.1.101,172.17.0.2,TCP,47562.0,199.0,2024,3,10,14:41:19,Registered,well-known,14,A,B,Private,Private
2024-03-10 14:41:19,PERMIT,5.0,eth0,10.0.0.1,172.17.0.2,TCP,47562.0,3306.0,2024,3,10,14:41:19,Registered,Registered,14,A,B,Private,Private
2024-03-10 14:41:19,PERMIT,5.0,eth0,192.168.4.1,172.17.0.2,TCP,47562.0,3306.0,2024,3,10,14:41:19,Registered,Registered,14,C,B,Private,Private
2024-03-10 14:41:19,PERMIT,5.0,eth0,172.156.2.26,172.17.0.2,TCP,47562.0,3306.0,2024,3,10,14:41:19,Registered,Registered,14,B,B,Private,Private
2024-03-10 14:41:19,PERMIT,5.0,eth0,192.168.1.0,172.17.0.2,TCP,47562.0,3306.0,2024,3,10,14:41:19,Registered,Registered,14,C,B,Private,Private
2024-03-10 14:41:19,PERMIT,5.0,eth0,10.10.1.101,172.17.0.2,TCP,47562.0,3306.0,2024,3,10,14:41:19,Registered,Registered,14,A,B,Private,Private
2024-03-10 14:41:19,PERMIT,3.0,eth0,10.0.0.1,172.17.0.2,TCP,47562.0,21.0,2024,3,10,14:41:19,Registered,well-known,14,A,B,Private,Private
2024-03-10 14:41:19,PERMIT,3.0,eth0,192.168.4.1,172.17.0.2,TCP,47562.0,21.0,2024,3,10,14:41:19,Registered,well-known,14,C,B,Private,Private
2024-03-10 14:41:19,PERMIT,3.0,eth0,172.156.2.26,172.17.0.2,TCP,47562.0,21.0,2024,3,10,14:41:19,Registered,well-known,14,B,B,Private,Private
2024-03-10 14:41:19,PERMIT,3.0,eth0,192.168.1.0,172.17.0.2,TCP,47562.0,21.0,2024,3,10,14:41:19,Registered,well-known,14,C,B,Private,Private
2024-03-10 14:41:19,PERMIT,3.0,eth0,10.10.1.101,172.17.0.2,TCP,47562.0,21.0,2024,3,10,14:41:19,Registered,well-known,14,A,B,Private,Private
2024-03-10 14:41:19,PERMIT,4.0,eth0,10.0.0.1,172.17.0.2,TCP,47562.0,80.0,2024,3,10,14:41:19,Registered,well-known,14,A,B,Private,Private
2024-03-10 14:41:19,PERMIT,4.0,eth0,192.168.4.1,172.17.0.2,TCP,47562.0,80.0,2024,3,10,14:41:19,Registered,well-known,14,C,B,Private,Private
2024-03-10 14:41:19,PERMIT,4.0,eth0,172.156.2.26,172.17.0.2,TCP,47562.0,80.0,2024,3,10,14:41:19,Registered,well-known,14,B,B,Private,Private
2024-03-10 14:41:19,PERMIT,4.0,eth0,192.168.1.0,172.17.0.2,TCP,47562.0,80.0,2024,3,10,14:41:19,Registered,well-known,14,C,B,Private,Private
2024-03-10 14:41:19,PERMIT,4.0,eth0,10.10.1.101,172.17.0.2,TCP,47562.0,80.0,2024,3,10,14:41:19,Registered,well-known,14,A,B,Private,Private
2024-03-10 14:41:19,PERMIT,2.0,eth0,10.0.0.1,172.17.0.2,TCP,47562.0,23.0,2024,3,10,14:41:19,Registered,well-known,14,A,B,Private,Private
2024-03-10 14:41:19,PERMIT,2.0,eth0,192.168.4.1,172.17.0.2,TCP,47562.0,23.0,2024,3,10,14:41:19,Registered,well-known,14,C,B,Private,Private
2024-03-10 14:41:19,PERMIT,2.0,eth0,172.156.2.26,172.17.0.2,TCP,47562.0,23.0,2024,3,10,14:41:19,Registered,well-known,14,B,B,Private,Private
2024-03-10 14:41:20,PERMIT,2.0,eth0,192.168.1.0,172.17.0.2,TCP,47562.0,23.0,2024,3,10,14:41:20,Registered,well-known,14,C,B,Private,Private
2024-03-10 14:41:20,PERMIT,2.0,eth0,10.10.1.101,172.17.0.2,TCP,47562.0,23.0,2024,3,10,14:41:20,Registered,well-known,14,A,B,Private,Private
2024-03-10 14:41:20,PERMIT,7.0,eth0,10.0.0.1,172.17.0.2,TCP,47562.0,50217.0,2024,3,10,14:41:20,Registered,Dynamic,14,A,B,Private,Private
2024-03-10 14:41:20,PERMIT,7.0,eth0,192.168.4.1,172.17.0.2,TCP,47562.0,50217.0,2024,3,10,14:41:20,Registered,Dynamic,14,C,B,Private,Private
2024-03-10 14:41:20,PERMIT,7.0,eth0,172.156.2.26,172.17.0.2,TCP,47562.0,50217.0,2024,3,10,14:41:20,Registered,Dynamic,14,B,B,Private,Private
2024-03-10 14:41:20,PERMIT,7.0,eth0,192.168.1.0,172.17.0.2,TCP,47562.0,50217.0,2024,3,10,14:41:20,Registered,Dynamic,14,C,B,Private,Private
2024-03-10 14:41:20,PERMIT,7.0,eth0,10.10.1.101,172.17.0.2,TCP,47562.0,50217.0,2024,3,10,14:41:20,Registered,Dynamic,14,A,B,Private,Private
2024-03-10 14:41:20,DENY,34.0,eth0,10.10.1.101,172.17.0.2,TCP,47562.0,26068.0,2024,3,10,14:41:20,Registered,Registered,14,A,B,Private,Private
2024-03-10 14:41:22,DENY,34.0,eth0,10.172.11.2,172.17.0.2,TCP,47562.0,46239.0,2024,3,10,14:41:22,Registered,Registered,14,A,B,Private,Private
2024-03-10 14:41:22,PERMIT,7.0,eth0,10.0.0.1,172.17.0.2,TCP,47562.0,53812.0,2024,3,10,14:41:22,Registered,Dynamic,14,A,B,Private,Private
2024-03-10 14:41:22,PERMIT,7.0,eth0,192.168.4.1,172.17.0.2,TCP,47562.0,53812.0,2024,3,10,14:41:22,Registered,Dynamic,14,C,B,Private,Private
2024-03-10 14:41:22,DENY,34.0,eth0,172.156.2.26,172.17.0.2,TCP,47562.0,34955.0,2024,3,10,14:41:22,Registered,Registered,14,B,B,Private,Private
2024-03-10 14:41:24,DENY,34.0,eth0,192.168.4.1,172.17.0.2,TCP,47562.0,35825.0,2024,3,10,14:41:24,Registered,Registered,14,C,B,Private,Private
2024-03-10 14:41:26,DENY,34.0,eth0,10.0.0.1,172.17.0.2,TCP,47564.0,45338.0,2024,3,10,14:41:26,Registered,Registered,14,A,B,Private,Private
2024-03-10 14:41:26,PERMIT,7.0,eth0,10.0.0.1,172.17.0.2,TCP,47562.0,50674.0,2024,3,10,14:41:26,Registered,Dynamic,14,A,B,Private,Private
2024-03-10 14:41:26,PERMIT,7.0,eth0,192.168.4.1,172.17.0.2,TCP,47562.0,50674.0,2024,3,10,14:41:26,Registered,Dynamic,14,C,B,Private,Private
2024-03-10 14:41:26,PERMIT,7.0,eth0,172.156.2.26,172.17.0.2,TCP,47562.0,50674.0,2024,3,10,14:41:26,Registered,Dynamic,14,B,B,Private,Private
2024-03-10 14:41:26,PERMIT,7.0,eth0,192.168.1.0,172.17.0.2,TCP,47562.0,50674.0,2024,3,10,14:41:26,Registered,Dynamic,14,C,B,Private,Private
2024-03-10 14:41:26,PERMIT,7.0,eth0,10.10.1.101,172.17.0.2,TCP,47562.0,50674.0,2024,3,10,14:41:26,Registered,Dynamic,14,A,B,Private,Private
2024-03-10 14:41:26,DENY,34.0,eth0,28.12.15.20,172.17.0.2,TCP,47562.0,12698.0,2024,3,10,14:41:26,Registered,Registered,14,A,B,Public,Private
2024-03-10 14:41:27,DENY,34.0,eth0,192.168.1.0,172.17.0.2,TCP,47562.0,64474.0,2024,3,10,14:41:27,Registered,Dynamic,14,C,B,Private,Private
2024-03-10 14:41:27,PERMIT,7.0,eth0,10.0.0.1,172.17.0.2,TCP,47562.0,59785.0,2024,3,10,14:41:27,Registered,Dynamic,14,A,B,Private,Private
2024-03-10 14:41:27,PERMIT,7.0,eth0,192.168.4.1,172.17.0.2,TCP,47562.0,59785.0,2024,3,10,14:41:27,Registered,Dynamic,14,C,B,Private,Private
2024-03-10 14:41:27,PERMIT,7.0,eth0,172.156.2.26,172.17.0.2,TCP,47562.0,59785.0,2024,3,10,14:41:27,Registered,Dynamic,14,B,B,Private,Private
2024-03-10 14:41:27,DENY,34.0,eth0,172.156.2.26,172.17.0.2,TCP,47562.0,21741.0,2024,3,10,14:41:27,Registered,Registered,14,B,B,Private,Private
2024-03-10 14:41:29,DENY,34.0,eth0,192.168.1.0,172.17.0.2,TCP,47562.0,56980.0,2024,3,10,14:41:29,Registered,Dynamic,14,C,B,Private,Private
2024-03-10 14:41:29,DENY,34.0,eth0,89.89.56.2,172.17.0.2,TCP,47562.0,38851.0,2024,3,10,14:41:29,Registered,Registered,14,A,B,Public,Private
2024-03-10 14:41:31,DENY,34.0,eth0,172.17.0.3,172.17.0.2,TCP,47562.0,27544.0,2024,3,10,14:41:31,Registered,Registered,14,B,B,Private,Private
2024-03-10 14:41:31,DENY,34.0,eth0,10.0.0.1,172.17.0.2,TCP,47562.0,26313.0,2024,3,10,14:41:31,Registered,Registered,14,A,B,Private,Private
2024-03-10 14:41:33,DENY,34.0,eth0,194.25.56.2,172.17.0.2,TCP,47562.0,14309.0,2024,3,10,14:41:33,Registered,Registered,14,C,B,Public,Private
2024-03-10 14:41:33,DENY,34.0,eth0,172.17.0.3,172.17.0.2,TCP,47562.0,49956.0,2024,3,10,14:41:33,Registered,Dynamic,14,B,B,Private,Private
2024-03-10 14:41:35,DENY,34.0,eth0,192.168.1.0,172.17.0.2,TCP,47562.0,33355.0,2024,3,10,14:41:35,Registered,Registered,14,C,B,Private,Private
2024-03-10 14:41:35,DENY,34.0,eth0,10.10.1.101,172.17.0.2,TCP,47562.0,51116.0,2024,3,10,14:41:35,Registered,Dynamic,14,A,B,Private,Private
2024-03-10 14:41:37,DENY,34.0,eth0,192.168.4.1,172.17.0.2,TCP,47562.0,26813.0,2024,3,10,14:41:37,Registered,Registered,14,C,B,Private,Private
2024-03-10 14:41:37,DENY,34.0,eth0,172.5.2.8,172.17.0.2,TCP,47562.0,29797.0,2024,3,10,14:41:37,Registered,Registered,14,B,B,Private,Private
2024-03-10 14:41:39,DENY,34.0,eth0,192.168.1.0,172.17.0.2,TCP,47562.0,848.0,2024,3,10,14:41:39,Registered,well-known,14,C,B,Private,Private
2024-03-10 14:41:39,PERMIT,3.0,eth0,10.0.0.1,172.17.0.2,TCP,47562.0,20.0,2024,3,10,14:41:39,Registered,well-known,14,A,B,Private,Private
2024-03-10 14:41:39,PERMIT,3.0,eth0,192.168.4.1,172.17.0.2,TCP,47562.0,20.0,2024,3,10,14:41:39,Registered,well-known,14,C,B,Private,Private
2024-03-10 14:41:39,PERMIT,3.0,eth0,172.156.2.26,172.17.0.2,TCP,47562.0,20.0,2024,3,10,14:41:39,Registered,well-known,14,B,B,Private,Private
2024-03-10 14:41:39,PERMIT,3.0,eth0,192.168.1.0,172.17.0.2,TCP,47562.0,20.0,2024,3,10,14:41:39,Registered,well-known,14,C,B,Private,Private
2024-03-10 14:41:39,PERMIT,3.0,eth0,10.10.1.101,172.17.0.2,TCP,47562.0,20.0,2024,3,10,14:41:39,Registered,well-known,14,A,B,Private,Private
2024-03-10 14:45:56,DENY,34.0,eth0,163.105.149.177,172.17.0.2,TCP,36958.0,143.0,2024,3,10,14:45:56,Registered,well-known,14,B,B,Public,Private
2024-03-10 14:45:56,DENY,34.0,eth0,172.17.0.3,172.17.0.2,TCP,36958.0,143.0,2024,3,10,14:45:56,Registered,well-known,14,B,B,Private,Private
2024-03-10 14:45:56,DENY,34.0,eth0,132.55.150.188,172.17.0.2,TCP,36958.0,143.0,2024,3,10,14:45:56,Registered,well-known,14,B,B,Public,Private
2024-03-10 14:45:56,DENY,34.0,eth0,28.22.46.114,172.17.0.2,TCP,36958.0,143.0,2024,3,10,14:45:56,Registered,well-known,14,A,B,Public,Private
2024-03-10 14:45:56,DENY,34.0,eth0,197.83.32.193,172.17.0.2,TCP,36958.0,143.0,2024,3,10,14:45:56,Registered,well-known,14,C,B,Public,Private
2024-03-10 14:45:56,PERMIT,2.0,eth0,163.105.149.177,172.17.0.2,TCP,36958.0,23.0,2024,3,10,14:45:56,Registered,well-known,14,B,B,Public,Private
2024-03-10 14:45:56,PERMIT,2.0,eth0,172.17.0.3,172.17.0.2,TCP,36958.0,23.0,2024,3,10,14:45:56,Registered,well-known,14,B,B,Private,Private
2024-03-10 14:45:56,PERMIT,2.0,eth0,132.55.150.188,172.17.0.2,TCP,36958.0,23.0,2024,3,10,14:45:56,Registered,well-known,14,B,B,Public,Private
2024-03-10 14:45:56,PERMIT,2.0,eth0,28.22.46.114,172.17.0.2,TCP,36958.0,23.0,2024,3,10,14:45:56,Registered,well-known,14,A,B,Public,Private
2024-03-10 14:45:56,PERMIT,2.0,eth0,197.83.32.193,172.17.0.2,TCP,36958.0,23.0,2024,3,10,14:45:56,Registered,well-known,14,C,B,Public,Private
2024-03-10 14:45:56,PERMIT,4.0,eth0,163.105.149.177,172.17.0.2,TCP,36958.0,80.0,2024,3,10,14:45:56,Registered,well-known,14,B,B,Public,Private
2024-03-10 14:45:56,PERMIT,4.0,eth0,172.17.0.3,172.17.0.2,TCP,36958.0,80.0,2024,3,10,14:45:56,Registered,well-known,14,B,B,Private,Private
2024-03-10 14:45:56,PERMIT,4.0,eth0,132.55.150.188,172.17.0.2,TCP,36958.0,80.0,2024,3,10,14:45:56,Registered,well-known,14,B,B,Public,Private
2024-03-10 14:45:56,PERMIT,4.0,eth0,28.22.46.114,172.17.0.2,TCP,36958.0,80.0,2024,3,10,14:45:56,Registered,well-known,14,A,B,Public,Private
2024-03-10 14:45:56,PERMIT,4.0,eth0,197.83.32.193,172.17.0.2,TCP,36958.0,80.0,2024,3,10,14:45:56,Registered,well-known,14,C,B,Public,Private
2024-03-10 14:45:56,PERMIT,5.0,eth0,163.105.149.177,172.17.0.2,TCP,36958.0,3306.0,2024,3,10,14:45:56,Registered,Registered,14,B,B,Public,Private
2024-03-10 14:45:56,PERMIT,5.0,eth0,172.17.0.3,172.17.0.2,TCP,36958.0,3306.0,2024,3,10,14:45:56,Registered,Registered,14,B,B,Private,Private
2024-03-10 14:45:56,PERMIT,5.0,eth0,132.55.150.188,172.17.0.2,TCP,36958.0,3306.0,2024,3,10,14:45:56,Registered,Registered,14,B,B,Public,Private
2024-03-10 14:45:56,PERMIT,5.0,eth0,28.22.46.114,172.17.0.2,TCP,36958.0,3306.0,2024,3,10,14:45:56,Registered,Registered,14,A,B,Public,Private
2024-03-10 14:45:56,PERMIT,5.0,eth0,197.83.32.193,172.17.0.2,TCP,36958.0,3306.0,2024,3,10,14:45:56,Registered,Registered,14,C,B,Public,Private
2024-03-10 14:45:56,PERMIT,3.0,eth0,163.105.149.177,172.17.0.2,TCP,36958.0,21.0,2024,3,10,14:45:56,Registered,well-known,14,B,B,Public,Private
2024-03-10 14:45:56,PERMIT,3.0,eth0,172.17.0.3,172.17.0.2,TCP,36958.0,21.0,2024,3,10,14:45:56,Registered,well-known,14,B,B,Private,Private
2024-03-10 14:45:56,PERMIT,3.0,eth0,132.55.150.188,172.17.0.2,TCP,36958.0,21.0,2024,3,10,14:45:56,Registered,well-known,14,B,B,Public,Private
2024-03-10 14:45:57,PERMIT,3.0,eth0,28.22.46.114,172.17.0.2,TCP,36958.0,21.0,2024,3,10,14:45:57,Registered,well-known,14,A,B,Public,Private
2024-03-10 14:45:57,PERMIT,3.0,eth0,197.83.32.193,172.17.0.2,TCP,36958.0,21.0,2024,3,10,14:45:57,Registered,well-known,14,C,B,Public,Private
2024-03-10 14:46:24,DENY,34.0,eth0,10.0.0.1,172.17.0.2,TCP,42375.0,25.0,2024,3,10,14:46:24,Registered,well-known,14,A,B,Private,Private
2024-03-10 14:46:24,DENY,34.0,eth0,192.168.4.1,172.17.0.2,TCP,42375.0,25.0,2024,3,10,14:46:24,Registered,well-known,14,C,B,Private,Private
2024-03-10 14:46:24,DENY,34.0,eth0,172.156.2.26,172.17.0.2,TCP,42375.0,25.0,2024,3,10,14:46:24,Registered,well-known,14,B,B,Private,Private
2024-03-10 14:46:24,DENY,34.0,eth0,192.168.1.0,172.17.0.2,TCP,42375.0,25.0,2024,3,10,14:46:24,Registered,well-known,14,C,B,Private,Private
2024-03-10 14:46:24,DENY,34.0,eth0,10.10.1.101,172.17.0.2,TCP,42375.0,25.0,2024,3,10,14:46:24,Registered,well-known,14,A,B,Private,Private
2024-03-10 14:46:24,PERMIT,2.0,eth0,10.0.0.1,172.17.0.2,TCP,42375.0,23.0,2024,3,10,14:46:24,Registered,well-known,14,A,B,Private,Private
2024-03-10 14:46:24,PERMIT,2.0,eth0,192.168.4.1,172.17.0.2,TCP,42375.0,23.0,2024,3,10,14:46:24,Registered,well-known,14,C,B,Private,Private
2024-03-10 14:46:24,PERMIT,2.0,eth0,172.156.2.26,172.17.0.2,TCP,42375.0,23.0,2024,3,10,14:46:24,Registered,well-known,14,B,B,Private,Private
2024-03-10 14:46:24,PERMIT,2.0,eth0,192.168.1.0,172.17.0.2,TCP,42375.0,23.0,2024,3,10,14:46:24,Registered,well-known,14,C,B,Private,Private
2024-03-10 14:46:24,PERMIT,2.0,eth0,10.10.1.101,172.17.0.2,TCP,42375.0,23.0,2024,3,10,14:46:24,Registered,well-known,14,A,B,Private,Private
2024-03-10 14:46:24,PERMIT,3.0,eth0,10.0.0.1,172.17.0.2,TCP,42375.0,21.0,2024,3,10,14:46:24,Registered,well-known,14,A,B,Private,Private
2024-03-10 14:46:24,PERMIT,3.0,eth0,192.168.4.1,172.17.0.2,TCP,42375.0,21.0,2024,3,10,14:46:24,Registered,well-known,14,C,B,Private,Private
2024-03-10 14:46:24,PERMIT,3.0,eth0,172.156.2.26,172.17.0.2,TCP,42375.0,21.0,2024,3,10,14:46:24,Registered,well-known,14,B,B,Private,Private
2024-03-10 14:46:24,PERMIT,3.0,eth0,192.168.1.0,172.17.0.2,TCP,42375.0,21.0,2024,3,10,14:46:24,Registered,well-known,14,C,B,Private,Private
2024-03-10 14:46:24,PERMIT,3.0,eth0,10.10.1.101,172.17.0.2,TCP,42375.0,21.0,2024,3,10,14:46:24,Registered,well-known,14,A,B,Private,Private
2024-03-10 14:46:24,PERMIT,4.0,eth0,10.0.0.1,172.17.0.2,TCP,42375.0,80.0,2024,3,10,14:46:24,Registered,well-known,14,A,B,Private,Private
2024-03-10 14:46:24,PERMIT,4.0,eth0,192.168.4.1,172.17.0.2,TCP,42375.0,80.0,2024,3,10,14:46:24,Registered,well-known,14,C,B,Private,Private
2024-03-10 14:46:24,PERMIT,4.0,eth0,172.156.2.26,172.17.0.2,TCP,42375.0,80.0,2024,3,10,14:46:24,Registered,well-known,14,B,B,Private,Private
2024-03-10 14:46:24,PERMIT,4.0,eth0,192.168.1.0,172.17.0.2,TCP,42375.0,80.0,2024,3,10,14:46:24,Registered,well-known,14,C,B,Private,Private
2024-03-10 14:46:24,PERMIT,4.0,eth0,10.10.1.101,172.17.0.2,TCP,42375.0,80.0,2024,3,10,14:46:24,Registered,well-known,14,A,B,Private,Private
2024-03-10 14:46:24,PERMIT,5.0,eth0,10.0.0.1,172.17.0.2,TCP,42375.0,3306.0,2024,3,10,14:46:24,Registered,Registered,14,A,B,Private,Private
2024-03-10 14:46:24,PERMIT,5.0,eth0,192.168.4.1,172.17.0.2,TCP,42375.0,3306.0,2024,3,10,14:46:24,Registered,Registered,14,C,B,Private,Private
2024-03-10 14:46:24,PERMIT,5.0,eth0,172.156.2.26,172.17.0.2,TCP,42375.0,3306.0,2024,3,10,14:46:24,Registered,Registered,14,B,B,Private,Private
2024-03-10 14:46:25,PERMIT,5.0,eth0,192.168.1.0,172.17.0.2,TCP,42375.0,3306.0,2024,3,10,14:46:25,Registered,Registered,14,C,B,Private,Private
2024-03-10 14:46:25,PERMIT,5.0,eth0,10.10.1.101,172.17.0.2,TCP,42375.0,3306.0,2024,3,10,14:46:25,Registered,Registered,14,A,B,Private,Private
2024-03-10 14:47:07,DENY,34.0,eth0,172.17.0.3,172.17.0.2,TCP,55669.0,25.0,2024,3,10,14:47:07,Dynamic,well-known,14,B,B,Private,Private
2024-03-10 14:47:07,DENY,34.0,eth0,172.17.0.3,172.17.0.2,TCP,55669.0,8080.0,2024,3,10,14:47:07,Dynamic,Registered,14,B,B,Private,Private
2024-03-10 14:47:07,PERMIT,5.0,eth0,172.17.0.3,172.17.0.2,TCP,55669.0,3306.0,2024,3,10,14:47:07,Dynamic,Registered,14,B,B,Private,Private
2024-03-10 14:47:07,DENY,34.0,eth0,172.17.0.3,172.17.0.2,TCP,55669.0,3389.0,2024,3,10,14:47:07,Dynamic,Registered,14,B,B,Private,Private
2024-03-10 14:47:07,DENY,34.0,eth0,172.17.0.3,172.17.0.2,TCP,55669.0,445.0,2024,3,10,14:47:07,Dynamic,well-known,14,B,B,Private,Private
2024-03-10 14:47:07,PERMIT,3.0,eth0,172.17.0.3,172.17.0.2,TCP,55669.0,21.0,2024,3,10,14:47:07,Dynamic,well-known,14,B,B,Private,Private
2024-03-10 14:47:07,PERMIT,4.0,eth0,172.17.0.3,172.17.0.2,TCP,55669.0,80.0,2024,3,10,14:47:07,Dynamic,well-known,14,B,B,Private,Private
2024-03-10 14:47:07,PERMIT,2.0,eth0,172.17.0.3,172.17.0.2,TCP,55669.0,23.0,2024,3,10,14:47:07,Dynamic,well-known,14,B,B,Private,Private
2024-03-10 14:47:07,PERMIT,3.0,eth0,172.17.0.3,172.17.0.2,TCP,55669.0,20.0,2024,3,10,14:47:07,Dynamic,well-known,14,B,B,Private,Private
2024-03-10 14:51:09,DENY,34.0,eth0,159.84.10.1,172.17.0.2,TCP,50448.0,199.0,2024,3,10,14:51:09,Dynamic,well-known,14,B,B,Public,Private
2024-03-10 14:51:09,DENY,34.0,eth0,172.17.0.3,172.17.0.2,TCP,50448.0,199.0,2024,3,10,14:51:09,Dynamic,well-known,14,B,B,Private,Private
2024-03-10 14:51:09,DENY,34.0,eth0,159.84.20.2,172.17.0.2,TCP,50448.0,199.0,2024,3,10,14:51:09,Dynamic,well-known,14,B,B,Public,Private
2024-03-10 14:51:09,DENY,34.0,eth0,159.84.30.3,172.17.0.2,TCP,50448.0,199.0,2024,3,10,14:51:09,Dynamic,well-known,14,B,B,Public,Private
2024-03-10 14:51:09,DENY,34.0,eth0,159.84.40.4,172.17.0.2,TCP,50448.0,199.0,2024,3,10,14:51:09,Dynamic,well-known,14,B,B,Public,Private
2024-03-10 14:51:09,PERMIT,3.0,eth0,159.84.10.1,172.17.0.2,TCP,50448.0,21.0,2024,3,10,14:51:09,Dynamic,well-known,14,B,B,Public,Private
2024-03-10 14:51:09,PERMIT,3.0,eth0,172.17.0.3,172.17.0.2,TCP,50448.0,21.0,2024,3,10,14:51:09,Dynamic,well-known,14,B,B,Private,Private
2024-03-10 14:51:09,PERMIT,3.0,eth0,159.84.20.2,172.17.0.2,TCP,50448.0,21.0,2024,3,10,14:51:09,Dynamic,well-known,14,B,B,Public,Private
2024-03-10 14:51:09,PERMIT,3.0,eth0,159.84.30.3,172.17.0.2,TCP,50448.0,21.0,2024,3,10,14:51:09,Dynamic,well-known,14,B,B,Public,Private
2024-03-10 14:51:09,PERMIT,3.0,eth0,159.84.40.4,172.17.0.2,TCP,50448.0,21.0,2024,3,10,14:51:09,Dynamic,well-known,14,B,B,Public,Private
2024-03-10 14:51:09,PERMIT,5.0,eth0,159.84.10.1,172.17.0.2,TCP,50448.0,3306.0,2024,3,10,14:51:09,Dynamic,Registered,14,B,B,Public,Private
2024-03-10 14:51:09,PERMIT,5.0,eth0,172.17.0.3,172.17.0.2,TCP,50448.0,3306.0,2024,3,10,14:51:09,Dynamic,Registered,14,B,B,Private,Private
2024-03-10 14:51:09,PERMIT,5.0,eth0,159.84.20.2,172.17.0.2,TCP,50448.0,3306.0,2024,3,10,14:51:09,Dynamic,Registered,14,B,B,Public,Private
2024-03-10 14:51:09,PERMIT,5.0,eth0,159.84.30.3,172.17.0.2,TCP,50448.0,3306.0,2024,3,10,14:51:09,Dynamic,Registered,14,B,B,Public,Private
2024-03-10 14:51:09,PERMIT,5.0,eth0,159.84.40.4,172.17.0.2,TCP,50448.0,3306.0,2024,3,10,14:51:09,Dynamic,Registered,14,B,B,Public,Private
2024-03-10 14:51:09,PERMIT,4.0,eth0,159.84.10.1,172.17.0.2,TCP,50448.0,80.0,2024,3,10,14:51:09,Dynamic,well-known,14,B,B,Public,Private
2024-03-10 14:51:09,PERMIT,4.0,eth0,172.17.0.3,172.17.0.2,TCP,50448.0,80.0,2024,3,10,14:51:09,Dynamic,well-known,14,B,B,Private,Private
2024-03-10 14:51:09,PERMIT,4.0,eth0,159.84.20.2,172.17.0.2,TCP,50448.0,80.0,2024,3,10,14:51:09,Dynamic,well-known,14,B,B,Public,Private
2024-03-10 14:51:09,PERMIT,4.0,eth0,159.84.30.3,172.17.0.2,TCP,50448.0,80.0,2024,3,10,14:51:09,Dynamic,well-known,14,B,B,Public,Private
2024-03-10 14:51:09,PERMIT,4.0,eth0,159.84.40.4,172.17.0.2,TCP,50448.0,80.0,2024,3,10,14:51:09,Dynamic,well-known,14,B,B,Public,Private
2024-03-10 14:51:09,PERMIT,2.0,eth0,159.84.10.1,172.17.0.2,TCP,50448.0,23.0,2024,3,10,14:51:09,Dynamic,well-known,14,B,B,Public,Private
2024-03-10 14:51:09,PERMIT,2.0,eth0,172.17.0.3,172.17.0.2,TCP,50448.0,23.0,2024,3,10,14:51:09,Dynamic,well-known,14,B,B,Private,Private
2024-03-10 14:51:09,PERMIT,2.0,eth0,159.84.20.2,172.17.0.2,TCP,50448.0,23.0,2024,3,10,14:51:09,Dynamic,well-known,14,B,B,Public,Private
2024-03-10 14:51:10,PERMIT,2.0,eth0,159.84.30.3,172.17.0.2,TCP,50448.0,23.0,2024,3,10,14:51:10,Dynamic,well-known,14,B,B,Public,Private
2024-03-10 14:51:10,PERMIT,2.0,eth0,159.84.40.4,172.17.0.2,TCP,50448.0,23.0,2024,3,10,14:51:10,Dynamic,well-known,14,B,B,Public,Private
2024-03-10 14:52:09,DENY,34.0,eth0,159.84.10.1,172.17.0.2,TCP,50960.0,110.0,2024,3,10,14:52:09,Dynamic,well-known,14,B,B,Public,Private
2024-03-10 14:52:09,DENY,34.0,eth0,159.84.20.2,172.17.0.2,TCP,50960.0,110.0,2024,3,10,14:52:09,Dynamic,well-known,14,B,B,Public,Private
2024-03-10 14:52:09,DENY,34.0,eth0,159.84.30.3,172.17.0.2,TCP,50960.0,110.0,2024,3,10,14:52:09,Dynamic,well-known,14,B,B,Public,Private
2024-03-10 14:52:09,DENY,34.0,eth0,159.84.40.4,172.17.0.2,TCP,50960.0,110.0,2024,3,10,14:52:09,Dynamic,well-known,14,B,B,Public,Private
2024-03-10 14:52:09,DENY,34.0,eth0,172.17.0.3,172.17.0.2,TCP,50960.0,110.0,2024,3,10,14:52:09,Dynamic,well-known,14,B,B,Private,Private
2024-03-10 14:52:09,PERMIT,5.0,eth0,159.84.10.1,172.17.0.2,TCP,50960.0,3306.0,2024,3,10,14:52:09,Dynamic,Registered,14,B,B,Public,Private
2024-03-10 14:52:09,PERMIT,5.0,eth0,159.84.20.2,172.17.0.2,TCP,50960.0,3306.0,2024,3,10,14:52:09,Dynamic,Registered,14,B,B,Public,Private
2024-03-10 14:52:09,PERMIT,5.0,eth0,159.84.30.3,172.17.0.2,TCP,50960.0,3306.0,2024,3,10,14:52:09,Dynamic,Registered,14,B,B,Public,Private
2024-03-10 14:52:09,PERMIT,5.0,eth0,159.84.40.4,172.17.0.2,TCP,50960.0,3306.0,2024,3,10,14:52:09,Dynamic,Registered,14,B,B,Public,Private
2024-03-10 14:52:09,PERMIT,5.0,eth0,172.17.0.3,172.17.0.2,TCP,50960.0,3306.0,2024,3,10,14:52:09,Dynamic,Registered,14,B,B,Private,Private
2024-03-10 14:52:09,PERMIT,4.0,eth0,159.84.10.1,172.17.0.2,TCP,50960.0,80.0,2024,3,10,14:52:09,Dynamic,well-known,14,B,B,Public,Private
2024-03-10 14:52:09,PERMIT,4.0,eth0,159.84.20.2,172.17.0.2,TCP,50960.0,80.0,2024,3,10,14:52:09,Dynamic,well-known,14,B,B,Public,Private
2024-03-10 14:52:09,PERMIT,4.0,eth0,159.84.30.3,172.17.0.2,TCP,50960.0,80.0,2024,3,10,14:52:09,Dynamic,well-known,14,B,B,Public,Private
2024-03-10 14:52:09,PERMIT,4.0,eth0,159.84.40.4,172.17.0.2,TCP,50960.0,80.0,2024,3,10,14:52:09,Dynamic,well-known,14,B,B,Public,Private
2024-03-10 14:52:09,PERMIT,4.0,eth0,172.17.0.3,172.17.0.2,TCP,50960.0,80.0,2024,3,10,14:52:09,Dynamic,well-known,14,B,B,Private,Private
2024-03-10 14:52:09,PERMIT,3.0,eth0,159.84.10.1,172.17.0.2,TCP,50960.0,21.0,2024,3,10,14:52:09,Dynamic,well-known,14,B,B,Public,Private
2024-03-10 14:52:09,PERMIT,3.0,eth0,159.84.20.2,172.17.0.2,TCP,50960.0,21.0,2024,3,10,14:52:09,Dynamic,well-known,14,B,B,Public,Private
2024-03-10 14:52:09,PERMIT,3.0,eth0,159.84.30.3,172.17.0.2,TCP,50960.0,21.0,2024,3,10,14:52:09,Dynamic,well-known,14,B,B,Public,Private
2024-03-10 14:52:09,PERMIT,3.0,eth0,159.84.40.4,172.17.0.2,TCP,50960.0,21.0,2024,3,10,14:52:09,Dynamic,well-known,14,B,B,Public,Private
2024-03-10 14:52:09,PERMIT,3.0,eth0,172.17.0.3,172.17.0.2,TCP,50960.0,21.0,2024,3,10,14:52:09,Dynamic,well-known,14,B,B,Private,Private
2024-03-10 14:52:09,PERMIT,2.0,eth0,159.84.10.1,172.17.0.2,TCP,50960.0,23.0,2024,3,10,14:52:09,Dynamic,well-known,14,B,B,Public,Private
2024-03-10 14:52:09,PERMIT,2.0,eth0,159.84.20.2,172.17.0.2,TCP,50960.0,23.0,2024,3,10,14:52:09,Dynamic,well-known,14,B,B,Public,Private
2024-03-10 14:52:09,PERMIT,2.0,eth0,159.84.30.3,172.17.0.2,TCP,50960.0,23.0,2024,3,10,14:52:09,Dynamic,well-known,14,B,B,Public,Private
2024-03-10 14:52:10,PERMIT,2.0,eth0,159.84.40.4,172.17.0.2,TCP,50960.0,23.0,2024,3,10,14:52:10,Dynamic,well-known,14,B,B,Public,Private
2024-03-10 14:52:10,PERMIT,2.0,eth0,172.17.0.3,172.17.0.2,TCP,50960.0,23.0,2024,3,10,14:52:10,Dynamic,well-known,14,B,B,Private,Private
2024-03-10 14:52:21,DENY,34.0,eth0,159.84.10.1,172.17.0.2,TCP,33987.0,25.0,2024,3,10,14:52:21,Registered,well-known,14,B,B,Public,Private
2024-03-10 14:52:21,DENY,34.0,eth0,159.84.20.2,172.17.0.2,TCP,33987.0,25.0,2024,3,10,14:52:21,Registered,well-known,14,B,B,Public,Private
2024-03-10 14:52:21,DENY,34.0,eth0,172.17.0.3,172.17.0.2,TCP,33987.0,25.0,2024,3,10,14:52:21,Registered,well-known,14,B,B,Private,Private
2024-03-10 14:52:21,DENY,34.0,eth0,159.84.30.3,172.17.0.2,TCP,33987.0,25.0,2024,3,10,14:52:21,Registered,well-known,14,B,B,Public,Private
2024-03-10 14:52:21,DENY,34.0,eth0,159.84.40.4,172.17.0.2,TCP,33987.0,25.0,2024,3,10,14:52:21,Registered,well-known,14,B,B,Public,Private
2024-03-10 14:52:21,PERMIT,5.0,eth0,159.84.10.1,172.17.0.2,TCP,33987.0,3306.0,2024,3,10,14:52:21,Registered,Registered,14,B,B,Public,Private
2024-03-10 14:52:21,PERMIT,5.0,eth0,159.84.20.2,172.17.0.2,TCP,33987.0,3306.0,2024,3,10,14:52:21,Registered,Registered,14,B,B,Public,Private
2024-03-10 14:52:21,PERMIT,5.0,eth0,172.17.0.3,172.17.0.2,TCP,33987.0,3306.0,2024,3,10,14:52:21,Registered,Registered,14,B,B,Private,Private
2024-03-10 14:52:21,PERMIT,5.0,eth0,159.84.30.3,172.17.0.2,TCP,33987.0,3306.0,2024,3,10,14:52:21,Registered,Registered,14,B,B,Public,Private
2024-03-10 14:52:21,PERMIT,5.0,eth0,159.84.40.4,172.17.0.2,TCP,33987.0,3306.0,2024,3,10,14:52:21,Registered,Registered,14,B,B,Public,Private
2024-03-10 14:52:21,PERMIT,3.0,eth0,159.84.10.1,172.17.0.2,TCP,33987.0,21.0,2024,3,10,14:52:21,Registered,well-known,14,B,B,Public,Private
2024-03-10 14:52:21,PERMIT,3.0,eth0,159.84.20.2,172.17.0.2,TCP,33987.0,21.0,2024,3,10,14:52:21,Registered,well-known,14,B,B,Public,Private
2024-03-10 14:52:21,PERMIT,3.0,eth0,172.17.0.3,172.17.0.2,TCP,33987.0,21.0,2024,3,10,14:52:21,Registered,well-known,14,B,B,Private,Private
2024-03-10 14:52:21,PERMIT,3.0,eth0,159.84.30.3,172.17.0.2,TCP,33987.0,21.0,2024,3,10,14:52:21,Registered,well-known,14,B,B,Public,Private
2024-03-10 14:52:21,PERMIT,3.0,eth0,159.84.40.4,172.17.0.2,TCP,33987.0,21.0,2024,3,10,14:52:21,Registered,well-known,14,B,B,Public,Private
2024-03-10 14:52:21,PERMIT,2.0,eth0,159.84.10.1,172.17.0.2,TCP,33987.0,23.0,2024,3,10,14:52:21,Registered,well-known,14,B,B,Public,Private
2024-03-10 14:52:21,PERMIT,2.0,eth0,159.84.20.2,172.17.0.2,TCP,33987.0,23.0,2024,3,10,14:52:21,Registered,well-known,14,B,B,Public,Private
2024-03-10 14:52:21,PERMIT,2.0,eth0,172.17.0.3,172.17.0.2,TCP,33987.0,23.0,2024,3,10,14:52:21,Registered,well-known,14,B,B,Private,Private
2024-03-10 14:52:21,PERMIT,2.0,eth0,159.84.30.3,172.17.0.2,TCP,33987.0,23.0,2024,3,10,14:52:21,Registered,well-known,14,B,B,Public,Private
2024-03-10 14:52:21,PERMIT,2.0,eth0,159.84.40.4,172.17.0.2,TCP,33987.0,23.0,2024,3,10,14:52:21,Registered,well-known,14,B,B,Public,Private
2024-03-10 14:52:21,PERMIT,4.0,eth0,159.84.10.1,172.17.0.2,TCP,33987.0,80.0,2024,3,10,14:52:21,Registered,well-known,14,B,B,Public,Private
2024-03-10 14:52:21,PERMIT,4.0,eth0,159.84.20.2,172.17.0.2,TCP,33987.0,80.0,2024,3,10,14:52:21,Registered,well-known,14,B,B,Public,Private
2024-03-10 14:52:21,PERMIT,4.0,eth0,172.17.0.3,172.17.0.2,TCP,33987.0,80.0,2024,3,10,14:52:21,Registered,well-known,14,B,B,Private,Private
2024-03-10 14:52:22,PERMIT,4.0,eth0,159.84.30.3,172.17.0.2,TCP,33987.0,80.0,2024,3,10,14:52:22,Registered,well-known,14,B,B,Public,Private
2024-03-10 14:52:22,PERMIT,4.0,eth0,159.84.40.4,172.17.0.2,TCP,33987.0,80.0,2024,3,10,14:52:22,Registered,well-known,14,B,B,Public,Private
2024-03-10 14:53:00,PERMIT,1.0,eth0,172.17.0.3,172.17.0.2,TCP,57698.0,22.0,2024,3,10,14:53:00,Dynamic,well-known,14,B,B,Private,Private
2024-03-10 14:53:00,PERMIT,1.0,eth0,159.84.10.1,172.17.0.2,TCP,57698.0,22.0,2024,3,10,14:53:00,Dynamic,well-known,14,B,B,Public,Private
2024-03-10 14:53:00,PERMIT,1.0,eth0,159.84.20.2,172.17.0.2,TCP,57698.0,22.0,2024,3,10,14:53:00,Dynamic,well-known,14,B,B,Public,Private
2024-03-10 14:53:00,PERMIT,1.0,eth0,159.84.30.3,172.17.0.2,TCP,57698.0,22.0,2024,3,10,14:53:00,Dynamic,well-known,14,B,B,Public,Private
2024-03-10 14:53:00,PERMIT,1.0,eth0,159.84.40.4,172.17.0.2,TCP,57698.0,22.0,2024,3,10,14:53:00,Dynamic,well-known,14,B,B,Public,Private
2024-03-10 14:53:00,PERMIT,5.0,eth0,172.17.0.3,172.17.0.2,TCP,57698.0,3306.0,2024,3,10,14:53:00,Dynamic,Registered,14,B,B,Private,Private
2024-03-10 14:53:00,PERMIT,5.0,eth0,159.84.10.1,172.17.0.2,TCP,57698.0,3306.0,2024,3,10,14:53:00,Dynamic,Registered,14,B,B,Public,Private
2024-03-10 14:53:00,PERMIT,5.0,eth0,159.84.20.2,172.17.0.2,TCP,57698.0,3306.0,2024,3,10,14:53:00,Dynamic,Registered,14,B,B,Public,Private
2024-03-10 14:53:00,PERMIT,5.0,eth0,159.84.30.3,172.17.0.2,TCP,57698.0,3306.0,2024,3,10,14:53:00,Dynamic,Registered,14,B,B,Public,Private
2024-03-10 14:53:00,PERMIT,5.0,eth0,159.84.40.4,172.17.0.2,TCP,57698.0,3306.0,2024,3,10,14:53:00,Dynamic,Registered,14,B,B,Public,Private
2024-03-10 14:53:00,PERMIT,2.0,eth0,172.17.0.3,172.17.0.2,TCP,57698.0,23.0,2024,3,10,14:53:00,Dynamic,well-known,14,B,B,Private,Private
2024-03-10 14:53:00,PERMIT,2.0,eth0,159.84.10.1,172.17.0.2,TCP,57698.0,23.0,2024,3,10,14:53:00,Dynamic,well-known,14,B,B,Public,Private
2024-03-10 14:53:00,PERMIT,2.0,eth0,159.84.20.2,172.17.0.2,TCP,57698.0,23.0,2024,3,10,14:53:00,Dynamic,well-known,14,B,B,Public,Private
2024-03-10 14:53:00,PERMIT,2.0,eth0,159.84.30.3,172.17.0.2,TCP,57698.0,23.0,2024,3,10,14:53:00,Dynamic,well-known,14,B,B,Public,Private
2024-03-10 14:53:00,PERMIT,2.0,eth0,159.84.40.4,172.17.0.2,TCP,57698.0,23.0,2024,3,10,14:53:00,Dynamic,well-known,14,B,B,Public,Private
2024-03-10 14:53:00,PERMIT,3.0,eth0,172.17.0.3,172.17.0.2,TCP,57698.0,21.0,2024,3,10,14:53:00,Dynamic,well-known,14,B,B,Private,Private
2024-03-10 14:53:00,PERMIT,3.0,eth0,159.84.10.1,172.17.0.2,TCP,57698.0,21.0,2024,3,10,14:53:00,Dynamic,well-known,14,B,B,Public,Private
2024-03-10 14:53:00,PERMIT,3.0,eth0,159.84.20.2,172.17.0.2,TCP,57698.0,21.0,2024,3,10,14:53:00,Dynamic,well-known,14,B,B,Public,Private
2024-03-10 14:53:00,PERMIT,3.0,eth0,159.84.30.3,172.17.0.2,TCP,57698.0,21.0,2024,3,10,14:53:00,Dynamic,well-known,14,B,B,Public,Private
2024-03-10 14:53:00,PERMIT,3.0,eth0,159.84.40.4,172.17.0.2,TCP,57698.0,21.0,2024,3,10,14:53:00,Dynamic,well-known,14,B,B,Public,Private
2024-03-10 14:53:00,PERMIT,4.0,eth0,172.17.0.3,172.17.0.2,TCP,57698.0,80.0,2024,3,10,14:53:00,Dynamic,well-known,14,B,B,Private,Private
2024-03-10 14:53:00,PERMIT,4.0,eth0,159.84.10.1,172.17.0.2,TCP,57698.0,80.0,2024,3,10,14:53:00,Dynamic,well-known,14,B,B,Public,Private
2024-03-10 14:53:00,PERMIT,4.0,eth0,159.84.20.2,172.17.0.2,TCP,57698.0,80.0,2024,3,10,14:53:00,Dynamic,well-known,14,B,B,Public,Private
2024-03-10 14:53:01,PERMIT,4.0,eth0,159.84.30.3,172.17.0.2,TCP,57698.0,80.0,2024,3,10,14:53:01,Dynamic,well-known,14,B,B,Public,Private
2024-03-10 14:53:01,PERMIT,4.0,eth0,159.84.40.4,172.17.0.2,TCP,57698.0,80.0,2024,3,10,14:53:01,Dynamic,well-known,14,B,B,Public,Private
2024-03-10 14:58:05,PERMIT,3.0,eth0,172.17.0.3,172.17.0.2,TCP,43354.0,21.0,2024,3,10,14:58:05,Registered,well-known,14,B,B,Private,Private
2024-03-10 14:58:05,PERMIT,3.0,eth0,172.17.0.3,172.17.0.2,TCP,43358.0,21.0,2024,3,10,14:58:05,Registered,well-known,14,B,B,Private,Private
2024-03-10 14:58:05,PERMIT,3.0,eth0,172.17.0.3,172.17.0.2,TCP,43370.0,21.0,2024,3,10,14:58:05,Registered,well-known,14,B,B,Private,Private
2024-03-10 14:58:05,PERMIT,3.0,eth0,172.17.0.3,172.17.0.2,TCP,43378.0,21.0,2024,3,10,14:58:05,Registered,well-known,14,B,B,Private,Private
2024-03-10 14:58:05,PERMIT,3.0,eth0,172.17.0.3,172.17.0.2,TCP,43388.0,21.0,2024,3,10,14:58:05,Registered,well-known,14,B,B,Private,Private
2024-03-10 14:58:08,PERMIT,3.0,eth0,172.17.0.3,172.17.0.2,TCP,43510.0,21.0,2024,3,10,14:58:08,Registered,well-known,14,B,B,Private,Private
2024-03-10 14:58:08,PERMIT,3.0,eth0,172.17.0.3,172.17.0.2,TCP,43508.0,21.0,2024,3,10,14:58:08,Registered,well-known,14,B,B,Private,Private
2024-03-10 14:58:08,PERMIT,3.0,eth0,172.17.0.3,172.17.0.2,TCP,43566.0,21.0,2024,3,10,14:58:08,Registered,well-known,14,B,B,Private,Private
2024-03-10 14:58:08,PERMIT,3.0,eth0,172.17.0.3,172.17.0.2,TCP,43542.0,21.0,2024,3,10,14:58:08,Registered,well-known,14,B,B,Private,Private
2024-03-10 14:58:08,PERMIT,3.0,eth0,172.17.0.3,172.17.0.2,TCP,43580.0,21.0,2024,3,10,14:58:08,Registered,well-known,14,B,B,Private,Private
2024-03-10 14:58:25,PERMIT,1.0,eth0,172.17.0.3,172.17.0.2,TCP,38314.0,22.0,2024,3,10,14:58:25,Registered,well-known,14,B,B,Private,Private
2024-03-10 15:00:06,PERMIT,3.0,eth0,172.17.0.3,172.17.0.2,TCP,60528.0,21.0,2024,3,10,15:00:06,Dynamic,well-known,15,B,B,Private,Private
2024-03-10 15:00:06,PERMIT,3.0,eth0,172.17.0.3,172.17.0.2,TCP,60532.0,21.0,2024,3,10,15:00:06,Dynamic,well-known,15,B,B,Private,Private
2024-03-10 15:00:06,PERMIT,3.0,eth0,172.17.0.3,172.17.0.2,TCP,60538.0,21.0,2024,3,10,15:00:06,Dynamic,well-known,15,B,B,Private,Private
2024-03-10 15:00:06,PERMIT,3.0,eth0,172.17.0.3,172.17.0.2,TCP,60542.0,21.0,2024,3,10,15:00:06,Dynamic,well-known,15,B,B,Private,Private
2024-03-10 15:00:06,PERMIT,3.0,eth0,172.17.0.3,172.17.0.2,TCP,60556.0,21.0,2024,3,10,15:00:06,Dynamic,well-known,15,B,B,Private,Private
2024-03-10 15:00:09,PERMIT,3.0,eth0,172.17.0.3,172.17.0.2,TCP,60678.0,21.0,2024,3,10,15:00:09,Dynamic,well-known,15,B,B,Private,Private
2024-03-10 15:00:09,PERMIT,3.0,eth0,172.17.0.3,172.17.0.2,TCP,60684.0,21.0,2024,3,10,15:00:09,Dynamic,well-known,15,B,B,Private,Private
2024-03-10 15:00:09,PERMIT,3.0,eth0,172.17.0.3,172.17.0.2,TCP,60692.0,21.0,2024,3,10,15:00:09,Dynamic,well-known,15,B,B,Private,Private
2024-03-10 15:00:09,PERMIT,3.0,eth0,172.17.0.3,172.17.0.2,TCP,60706.0,21.0,2024,3,10,15:00:09,Dynamic,well-known,15,B,B,Private,Private
2024-03-10 15:00:09,PERMIT,3.0,eth0,172.17.0.3,172.17.0.2,TCP,60708.0,21.0,2024,3,10,15:00:09,Dynamic,well-known,15,B,B,Private,Private
2024-03-10 15:00:27,PERMIT,3.0,eth0,172.17.0.3,172.17.0.2,TCP,55922.0,21.0,2024,3,10,15:00:27,Dynamic,well-known,15,B,B,Private,Private
2024-03-10 15:00:27,PERMIT,3.0,eth0,172.17.0.3,172.17.0.2,TCP,55934.0,21.0,2024,3,10,15:00:27,Dynamic,well-known,15,B,B,Private,Private
2024-03-10 15:00:27,PERMIT,3.0,eth0,172.17.0.3,172.17.0.2,TCP,55926.0,21.0,2024,3,10,15:00:27,Dynamic,well-known,15,B,B,Private,Private
2024-03-10 15:00:27,PERMIT,3.0,eth0,172.17.0.3,172.17.0.2,TCP,55944.0,21.0,2024,3,10,15:00:27,Dynamic,well-known,15,B,B,Private,Private
2024-03-10 15:00:27,PERMIT,3.0,eth0,172.17.0.3,172.17.0.2,TCP,55956.0,21.0,2024,3,10,15:00:27,Dynamic,well-known,15,B,B,Private,Private
2024-03-10 15:00:30,PERMIT,3.0,eth0,172.17.0.3,172.17.0.2,TCP,48154.0,21.0,2024,3,10,15:00:30,Registered,well-known,15,B,B,Private,Private
2024-03-10 15:00:30,PERMIT,3.0,eth0,172.17.0.3,172.17.0.2,TCP,48156.0,21.0,2024,3,10,15:00:30,Registered,well-known,15,B,B,Private,Private
2024-03-10 15:00:30,PERMIT,3.0,eth0,172.17.0.3,172.17.0.2,TCP,48174.0,21.0,2024,3,10,15:00:30,Registered,well-known,15,B,B,Private,Private
2024-03-10 15:00:30,PERMIT,3.0,eth0,172.17.0.3,172.17.0.2,TCP,48180.0,21.0,2024,3,10,15:00:30,Registered,well-known,15,B,B,Private,Private
2024-03-10 15:00:30,PERMIT,3.0,eth0,172.17.0.3,172.17.0.2,TCP,48182.0,21.0,2024,3,10,15:00:30,Registered,well-known,15,B,B,Private,Private
2024-03-10 15:02:10,DENY,34.0,eth0,172.17.0.3,172.17.0.2,TCP,63820.0,53.0,2024,3,10,15:02:10,Dynamic,well-known,15,B,B,Private,Private
2024-03-10 15:02:10,DENY,34.0,eth0,172.17.0.3,172.17.0.2,TCP,63820.0,995.0,2024,3,10,15:02:10,Dynamic,well-known,15,B,B,Private,Private
2024-03-10 15:02:10,DENY,34.0,eth0,172.17.0.3,172.17.0.2,TCP,63820.0,143.0,2024,3,10,15:02:10,Dynamic,well-known,15,B,B,Private,Private
2024-03-10 15:02:10,DENY,34.0,eth0,172.17.0.3,172.17.0.2,TCP,63820.0,445.0,2024,3,10,15:02:10,Dynamic,well-known,15,B,B,Private,Private
2024-03-10 15:02:10,DENY,34.0,eth0,172.17.0.3,172.17.0.2,TCP,63820.0,5900.0,2024,3,10,15:02:10,Dynamic,Registered,15,B,B,Private,Private
2024-03-10 15:02:10,PERMIT,4.0,eth0,172.17.0.3,172.17.0.2,TCP,63820.0,80.0,2024,3,10,15:02:10,Dynamic,well-known,15,B,B,Private,Private
2024-03-10 15:02:10,PERMIT,2.0,eth0,172.17.0.3,172.17.0.2,TCP,63820.0,23.0,2024,3,10,15:02:10,Dynamic,well-known,15,B,B,Private,Private
2024-03-10 15:02:10,PERMIT,5.0,eth0,172.17.0.3,172.17.0.2,TCP,63820.0,3306.0,2024,3,10,15:02:10,Dynamic,Registered,15,B,B,Private,Private
2024-03-10 15:02:10,PERMIT,3.0,eth0,172.17.0.3,172.17.0.2,TCP,63820.0,21.0,2024,3,10,15:02:10,Dynamic,well-known,15,B,B,Private,Private
2024-03-10 15:02:10,PERMIT,7.0,eth0,172.17.0.3,172.17.0.2,TCP,63820.0,53812.0,2024,3,10,15:02:10,Dynamic,Dynamic,15,B,B,Private,Private
2024-03-10 15:02:10,PERMIT,7.0,eth0,172.17.0.3,172.17.0.2,TCP,63820.0,50674.0,2024,3,10,15:02:10,Dynamic,Dynamic,15,B,B,Private,Private
2024-03-10 15:02:10,PERMIT,7.0,eth0,172.17.0.3,172.17.0.2,TCP,63820.0,59785.0,2024,3,10,15:02:10,Dynamic,Dynamic,15,B,B,Private,Private
2024-03-10 15:02:10,PERMIT,7.0,eth0,172.17.0.3,172.17.0.2,TCP,63820.0,50217.0,2024,3,10,15:02:10,Dynamic,Dynamic,15,B,B,Private,Private
2024-03-10 15:02:10,PERMIT,3.0,eth0,172.17.0.3,172.17.0.2,TCP,63820.0,20.0,2024,3,10,15:02:10,Dynamic,well-known,15,B,B,Private,Private
2024-03-10 15:02:36,PERMIT,1.0,eth0,172.17.0.3,172.17.0.2,TCP,58208.0,22.0,2024,3,10,15:02:36,Dynamic,well-known,15,B,B,Private,Private
2024-03-10 15:20:12,PERMIT,6.0,eth0,192.168.65.7,172.17.0.2,UDP,53.0,43098.0,2024,3,10,15:20:12,well-known,Registered,15,C,B,Private,Private
2024-03-10 15:20:12,PERMIT,6.0,eth0,192.168.65.7,172.17.0.2,UDP,53.0,47618.0,2024,3,10,15:20:12,well-known,Registered,15,C,B,Private,Private
2024-03-10 15:20:12,DENY,34.0,eth0,91.189.91.81,172.17.0.2,TCP,80.0,33440.0,2024,3,10,15:20:12,well-known,Registered,15,A,B,Public,Private
2024-03-10 15:20:12,DENY,34.0,eth0,91.189.91.81,172.17.0.2,TCP,80.0,33440.0,2024,3,10,15:20:12,well-known,Registered,15,A,B,Public,Private
2024-03-10 15:20:12,DENY,34.0,eth0,91.189.91.81,172.17.0.2,TCP,80.0,33440.0,2024,3,10,15:20:12,well-known,Registered,15,A,B,Public,Private
2024-03-10 15:20:13,DENY,34.0,eth0,91.189.91.81,172.17.0.2,TCP,80.0,33440.0,2024,3,10,15:20:13,well-known,Registered,15,A,B,Public,Private
2024-03-10 15:20:13,DENY,34.0,eth0,91.189.91.81,172.17.0.2,TCP,80.0,33440.0,2024,3,10,15:20:13,well-known,Registered,15,A,B,Public,Private
2024-03-10 15:21:21,PERMIT,6.0,eth0,192.168.65.7,172.17.0.2,UDP,53.0,56711.0,2024,3,10,15:21:21,well-known,Dynamic,15,C,B,Private,Private
2024-03-10 15:21:21,PERMIT,6.0,eth0,192.168.65.7,172.17.0.2,UDP,53.0,39267.0,2024,3,10,15:21:21,well-known,Registered,15,C,B,Private,Private
2024-03-10 15:21:21,DENY,34.0,eth0,185.125.190.83,172.17.0.2,TCP,80.0,58974.0,2024,3,10,15:21:21,well-known,Dynamic,15,B,B,Public,Private
2024-03-10 15:21:21,DENY,34.0,eth0,185.125.190.83,172.17.0.2,TCP,80.0,58974.0,2024,3,10,15:21:21,well-known,Dynamic,15,B,B,Public,Private
2024-03-10 15:21:21,PERMIT,6.0,eth0,192.168.65.7,172.17.0.2,UDP,53.0,43291.0,2024,3,10,15:21:21,well-known,Registered,15,C,B,Private,Private
2024-03-10 15:21:21,DENY,34.0,eth0,185.125.190.83,172.17.0.2,TCP,80.0,58974.0,2024,3,10,15:21:21,well-known,Dynamic,15,B,B,Public,Private
2024-03-10 15:21:22,DENY,34.0,eth0,185.125.190.83,172.17.0.2,TCP,80.0,58974.0,2024,3,10,15:21:22,well-known,Dynamic,15,B,B,Public,Private
2024-03-10 15:21:22,DENY,34.0,eth0,185.125.190.83,172.17.0.2,TCP,80.0,58974.0,2024,3,10,15:21:22,well-known,Dynamic,15,B,B,Public,Private
2024-03-10 15:21:22,PERMIT,6.0,eth0,192.168.65.7,172.17.0.2,UDP,53.0,58137.0,2024,3,10,15:21:22,well-known,Dynamic,15,C,B,Private,Private
2024-03-10 15:21:25,PERMIT,6.0,eth0,192.168.65.7,172.17.0.2,UDP,53.0,52354.0,2024,3,10,15:21:25,well-known,Dynamic,15,C,B,Private,Private
2024-03-10 15:21:25,PERMIT,6.0,eth0,192.168.65.7,172.17.0.2,UDP,53.0,52125.0,2024,3,10,15:21:25,well-known,Dynamic,15,C,B,Private,Private
2024-03-10 15:21:25,DENY,34.0,eth0,185.125.190.81,172.17.0.2,TCP,80.0,48126.0,2024,3,10,15:21:25,well-known,Registered,15,B,B,Public,Private
2024-03-10 15:21:25,DENY,34.0,eth0,185.125.190.81,172.17.0.2,TCP,80.0,48126.0,2024,3,10,15:21:25,well-known,Registered,15,B,B,Public,Private
2024-03-10 15:21:25,DENY,34.0,eth0,185.125.190.81,172.17.0.2,TCP,80.0,48126.0,2024,3,10,15:21:25,well-known,Registered,15,B,B,Public,Private
2024-03-10 15:24:32,PERMIT,6.0,eth0,192.168.65.7,172.17.0.2,UDP,53.0,48246.0,2024,3,10,15:24:32,well-known,Registered,15,C,B,Private,Private
2024-03-10 15:25:01,PERMIT,6.0,eth0,192.168.65.7,172.17.0.2,UDP,53.0,35917.0,2024,3,10,15:25:01,well-known,Registered,15,C,B,Private,Private
2024-03-10 15:25:01,PERMIT,6.0,eth0,192.168.65.7,172.17.0.2,UDP,53.0,40325.0,2024,3,10,15:25:01,well-known,Registered,15,C,B,Private,Private
2024-03-10 15:25:01,PERMIT,6.0,eth0,192.168.65.7,172.17.0.2,UDP,53.0,37689.0,2024,3,10,15:25:01,well-known,Registered,15,C,B,Private,Private
2024-03-10 15:25:01,PERMIT,6.0,eth0,192.168.65.7,172.17.0.2,UDP,53.0,36037.0,2024,3,10,15:25:01,well-known,Registered,15,C,B,Private,Private
2024-03-10 15:25:01,PERMIT,6.0,eth0,192.168.65.7,172.17.0.2,UDP,53.0,54110.0,2024,3,10,15:25:01,well-known,Dynamic,15,C,B,Private,Private
2024-03-10 15:25:11,PERMIT,1.0,eth0,172.17.0.3,172.17.0.2,TCP,46455.0,22.0,2024,3,10,15:25:11,Registered,well-known,15,B,B,Private,Private
2024-03-10 15:25:16,PERMIT,1.0,eth0,172.17.0.3,172.17.0.2,TCP,58178.0,22.0,2024,3,10,15:25:16,Dynamic,well-known,15,B,B,Private,Private
2024-03-10 15:25:22,DENY,34.0,eth0,172.17.0.3,172.17.0.2,TCP,36247.0,443.0,2024,3,10,15:25:22,Registered,well-known,15,B,B,Private,Private
2024-03-10 15:25:22,DENY,34.0,eth0,172.17.0.3,172.17.0.2,TCP,36247.0,443.0,2024,3,10,15:25:22,Registered,well-known,15,B,B,Private,Private
2024-03-10 15:26:24,PERMIT,6.0,eth0,192.168.65.7,172.17.0.2,UDP,53.0,44225.0,2024,3,10,15:26:24,well-known,Registered,15,C,B,Private,Private
2024-03-10 15:26:24,PERMIT,6.0,eth0,192.168.65.7,172.17.0.2,UDP,53.0,46588.0,2024,3,10,15:26:24,well-known,Registered,15,C,B,Private,Private
2024-03-10 15:26:24,PERMIT,6.0,eth0,192.168.65.7,172.17.0.2,UDP,53.0,48779.0,2024,3,10,15:26:24,well-known,Registered,15,C,B,Private,Private
2024-03-10 15:26:24,PERMIT,6.0,eth0,192.168.65.7,172.17.0.2,UDP,53.0,50466.0,2024,3,10,15:26:24,well-known,Dynamic,15,C,B,Private,Private
2024-03-10 15:26:24,PERMIT,6.0,eth0,192.168.65.7,172.17.0.2,UDP,53.0,33416.0,2024,3,10,15:26:24,well-known,Registered,15,C,B,Private,Private
2024-03-10 15:26:30,PERMIT,1.0,eth0,172.17.0.3,172.17.0.2,TCP,61228.0,22.0,2024,3,10,15:26:30,Dynamic,well-known,15,B,B,Private,Private
2024-03-10 15:26:30,PERMIT,1.0,eth0,172.17.0.3,172.17.0.2,TCP,61228.0,22.0,2024,3,10,15:26:30,Dynamic,well-known,15,B,B,Private,Private
2024-03-10 15:28:09,PERMIT,3.0,eth0,172.17.0.3,172.17.0.2,TCP,52896.0,21.0,2024,3,10,15:28:09,Dynamic,well-known,15,B,B,Private,Private
2024-03-10 15:28:09,PERMIT,3.0,eth0,172.17.0.3,172.17.0.2,TCP,52910.0,21.0,2024,3,10,15:28:09,Dynamic,well-known,15,B,B,Private,Private
2024-03-10 15:28:09,PERMIT,3.0,eth0,172.17.0.3,172.17.0.2,TCP,52908.0,21.0,2024,3,10,15:28:09,Dynamic,well-known,15,B,B,Private,Private
2024-03-10 15:28:09,PERMIT,3.0,eth0,172.17.0.3,172.17.0.2,TCP,52924.0,21.0,2024,3,10,15:28:09,Dynamic,well-known,15,B,B,Private,Private
2024-03-10 15:28:09,PERMIT,3.0,eth0,172.17.0.3,172.17.0.2,TCP,52934.0,21.0,2024,3,10,15:28:09,Dynamic,well-known,15,B,B,Private,Private
2024-03-10 15:28:12,PERMIT,3.0,eth0,172.17.0.3,172.17.0.2,TCP,53546.0,21.0,2024,3,10,15:28:12,Dynamic,well-known,15,B,B,Private,Private
2024-03-10 15:28:12,PERMIT,3.0,eth0,172.17.0.3,172.17.0.2,TCP,53594.0,21.0,2024,3,10,15:28:12,Dynamic,well-known,15,B,B,Private,Private
2024-03-10 15:28:12,PERMIT,3.0,eth0,172.17.0.3,172.17.0.2,TCP,53612.0,21.0,2024,3,10,15:28:12,Dynamic,well-known,15,B,B,Private,Private
2024-03-10 15:28:12,PERMIT,3.0,eth0,172.17.0.3,172.17.0.2,TCP,53558.0,21.0,2024,3,10,15:28:12,Dynamic,well-known,15,B,B,Private,Private
2024-03-10 15:28:12,PERMIT,3.0,eth0,172.17.0.3,172.17.0.2,TCP,53610.0,21.0,2024,3,10,15:28:12,Dynamic,well-known,15,B,B,Private,Private
2024-03-10 15:45:35,PERMIT,6.0,eth0,192.168.65.7,172.17.0.2,UDP,53.0,34438.0,2024,3,10,15:45:35,well-known,Registered,15,C,B,Private,Private
2024-03-10 15:45:35,PERMIT,6.0,eth0,192.168.65.7,172.17.0.2,UDP,53.0,44421.0,2024,3,10,15:45:35,well-known,Registered,15,C,B,Private,Private
2024-03-10 15:45:35,PERMIT,6.0,eth0,192.168.65.7,172.17.0.2,UDP,53.0,36916.0,2024,3,10,15:45:35,well-known,Registered,15,C,B,Private,Private
2024-03-10 15:45:35,PERMIT,6.0,eth0,192.168.65.7,172.17.0.2,UDP,53.0,43346.0,2024,3,10,15:45:35,well-known,Registered,15,C,B,Private,Private
2024-03-10 15:45:35,PERMIT,6.0,eth0,192.168.65.7,172.17.0.2,UDP,53.0,58095.0,2024,3,10,15:45:35,well-known,Dynamic,15,C,B,Private,Private
2024-03-10 15:46:31,PERMIT,6.0,eth0,192.168.65.7,172.17.0.2,UDP,53.0,54341.0,2024,3,10,15:46:31,well-known,Dynamic,15,C,B,Private,Private
2024-03-10 15:46:31,PERMIT,6.0,eth0,192.168.65.7,172.17.0.2,UDP,53.0,50191.0,2024,3,10,15:46:31,well-known,Dynamic,15,C,B,Private,Private
2024-03-10 15:46:31,PERMIT,6.0,eth0,192.168.65.7,172.17.0.2,UDP,53.0,43312.0,2024,3,10,15:46:31,well-known,Registered,15,C,B,Private,Private
2024-03-10 15:46:31,PERMIT,6.0,eth0,192.168.65.7,172.17.0.2,UDP,53.0,39090.0,2024,3,10,15:46:31,well-known,Registered,15,C,B,Private,Private
2024-03-10 15:46:31,PERMIT,6.0,eth0,192.168.65.7,172.17.0.2,UDP,53.0,46404.0,2024,3,10,15:46:31,well-known,Registered,15,C,B,Private,Private
2024-03-10 15:49:17,PERMIT,4.0,eth0,172.17.0.3,172.17.0.2,TCP,45736.0,80.0,2024,3,10,15:49:17,Registered,well-known,15,B,B,Private,Private
2024-03-10 15:49:17,PERMIT,4.0,eth0,172.17.0.3,172.17.0.2,TCP,45736.0,80.0,2024,3,10,15:49:17,Registered,well-known,15,B,B,Private,Private
2024-03-10 15:49:17,PERMIT,4.0,eth0,172.17.0.3,172.17.0.2,TCP,45736.0,80.0,2024,3,10,15:49:17,Registered,well-known,15,B,B,Private,Private
2024-03-10 15:49:17,PERMIT,6.0,eth0,192.168.65.7,172.17.0.2,UDP,53.0,52360.0,2024,3,10,15:49:17,well-known,Dynamic,15,C,B,Private,Private
2024-03-10 15:49:27,PERMIT,4.0,eth0,172.17.0.3,172.17.0.2,TCP,45736.0,80.0,2024,3,10,15:49:27,Registered,well-known,15,B,B,Private,Private
2024-03-10 15:49:27,PERMIT,4.0,eth0,172.17.0.3,172.17.0.2,TCP,45736.0,80.0,2024,3,10,15:49:27,Registered,well-known,15,B,B,Private,Private
2024-03-10 15:49:27,PERMIT,4.0,eth0,172.17.0.3,172.17.0.2,TCP,57170.0,80.0,2024,3,10,15:49:27,Dynamic,well-known,15,B,B,Private,Private
2024-03-10 15:49:27,PERMIT,4.0,eth0,172.17.0.3,172.17.0.2,TCP,57170.0,80.0,2024,3,10,15:49:27,Dynamic,well-known,15,B,B,Private,Private
2024-03-10 15:49:27,PERMIT,4.0,eth0,172.17.0.3,172.17.0.2,TCP,57170.0,80.0,2024,3,10,15:49:27,Dynamic,well-known,15,B,B,Private,Private
2024-03-10 15:49:27,PERMIT,6.0,eth0,192.168.65.7,172.17.0.2,UDP,53.0,38916.0,2024,3,10,15:49:27,well-known,Registered,15,C,B,Private,Private
2024-03-10 15:49:37,PERMIT,4.0,eth0,172.17.0.3,172.17.0.2,TCP,57170.0,80.0,2024,3,10,15:49:37,Dynamic,well-known,15,B,B,Private,Private
2024-03-10 15:49:37,PERMIT,4.0,eth0,172.17.0.3,172.17.0.2,TCP,57170.0,80.0,2024,3,10,15:49:37,Dynamic,well-known,15,B,B,Private,Private
2024-03-10 15:49:37,PERMIT,4.0,eth0,172.17.0.3,172.17.0.2,TCP,46964.0,80.0,2024,3,10,15:49:37,Registered,well-known,15,B,B,Private,Private
2024-03-10 15:49:37,PERMIT,4.0,eth0,172.17.0.3,172.17.0.2,TCP,46964.0,80.0,2024,3,10,15:49:37,Registered,well-known,15,B,B,Private,Private
2024-03-10 15:49:37,PERMIT,4.0,eth0,172.17.0.3,172.17.0.2,TCP,46964.0,80.0,2024,3,10,15:49:37,Registered,well-known,15,B,B,Private,Private
2024-03-10 15:49:38,PERMIT,6.0,eth0,192.168.65.7,172.17.0.2,UDP,53.0,51419.0,2024,3,10,15:49:38,well-known,Dynamic,15,C,B,Private,Private
2024-03-10 15:50:00,PERMIT,4.0,eth0,172.17.0.3,172.17.0.2,TCP,46964.0,80.0,2024,3,10,15:50:00,Registered,well-known,15,B,B,Private,Private
2024-03-10 15:50:00,PERMIT,4.0,eth0,172.17.0.3,172.17.0.2,TCP,46964.0,80.0,2024,3,10,15:50:00,Registered,well-known,15,B,B,Private,Private
2024-03-10 15:56:50,DENY,34.0,eth0,172.17.0.3,172.17.0.2,TCP,43332.0,1025.0,2024,3,10,15:56:50,Registered,Registered,15,B,B,Private,Private
2024-03-10 15:56:50,PERMIT,3.0,eth0,172.17.0.3,172.17.0.2,TCP,43332.0,21.0,2024,3,10,15:56:50,Registered,well-known,15,B,B,Private,Private
2024-03-10 15:56:52,DENY,34.0,eth0,172.17.0.3,172.17.0.2,TCP,43332.0,199.0,2024,3,10,15:56:52,Registered,well-known,15,B,B,Private,Private
2024-03-10 15:56:52,DENY,34.0,eth0,172.17.0.3,172.17.0.2,TCP,43332.0,443.0,2024,3,10,15:56:52,Registered,well-known,15,B,B,Private,Private
2024-03-10 15:56:52,DENY,34.0,eth0,172.17.0.3,172.17.0.2,TCP,43332.0,443.0,2024,3,10,15:56:52,Registered,well-known,15,B,B,Private,Private
2024-03-10 15:56:54,DENY,34.0,eth0,172.17.0.3,172.17.0.2,TCP,43332.0,5900.0,2024,3,10,15:56:54,Registered,Registered,15,B,B,Private,Private
2024-03-10 15:56:54,DENY,34.0,eth0,172.17.0.3,172.17.0.2,TCP,43332.0,25.0,2024,3,10,15:56:54,Registered,well-known,15,B,B,Private,Private
2024-03-10 15:56:56,DENY,34.0,eth0,172.17.0.3,172.17.0.2,TCP,43332.0,53.0,2024,3,10,15:56:56,Registered,well-known,15,B,B,Private,Private
2024-03-10 15:56:56,DENY,34.0,eth0,172.17.0.3,172.17.0.2,TCP,43332.0,995.0,2024,3,10,15:56:56,Registered,well-known,15,B,B,Private,Private
2024-03-10 15:56:58,DENY,34.0,eth0,172.17.0.3,172.17.0.2,TCP,43332.0,113.0,2024,3,10,15:56:58,Registered,well-known,15,B,B,Private,Private
2024-03-10 15:56:58,DENY,34.0,eth0,172.17.0.3,172.17.0.2,TCP,43332.0,1720.0,2024,3,10,15:56:58,Registered,Registered,15,B,B,Private,Private
2024-03-10 15:57:00,DENY,34.0,eth0,172.17.0.3,172.17.0.2,TCP,43332.0,1723.0,2024,3,10,15:57:00,Registered,Registered,15,B,B,Private,Private
2024-03-10 15:57:00,DENY,34.0,eth0,172.17.0.3,172.17.0.2,TCP,43332.0,111.0,2024,3,10,15:57:00,Registered,well-known,15,B,B,Private,Private
2024-03-10 15:57:02,DENY,34.0,eth0,172.17.0.3,172.17.0.2,TCP,43332.0,8080.0,2024,3,10,15:57:02,Registered,Registered,15,B,B,Private,Private
2024-03-10 15:57:03,DENY,34.0,eth0,172.17.0.3,172.17.0.2,TCP,43332.0,8888.0,2024,3,10,15:57:03,Registered,Registered,15,B,B,Private,Private
2024-03-10 15:57:03,DENY,34.0,eth0,172.17.0.3,172.17.0.2,TCP,43332.0,554.0,2024,3,10,15:57:03,Registered,well-known,15,B,B,Private,Private
2024-03-10 15:57:05,PERMIT,2.0,eth0,172.17.0.3,172.17.0.2,TCP,43332.0,23.0,2024,3,10,15:57:05,Registered,well-known,15,B,B,Private,Private
2024-03-10 15:57:05,PERMIT,2.0,eth0,172.17.0.3,172.17.0.2,TCP,43332.0,23.0,2024,3,10,15:57:05,Registered,well-known,15,B,B,Private,Private
2024-03-10 15:57:05,DENY,34.0,eth0,172.17.0.3,172.17.0.2,TCP,43332.0,993.0,2024,3,10,15:57:05,Registered,well-known,15,B,B,Private,Private
2024-03-10 15:57:07,DENY,34.0,eth0,172.17.0.3,172.17.0.2,TCP,43332.0,143.0,2024,3,10,15:57:07,Registered,well-known,15,B,B,Private,Private
2024-03-10 15:57:07,PERMIT,1.0,eth0,172.17.0.3,172.17.0.2,TCP,43332.0,22.0,2024,3,10,15:57:07,Registered,well-known,15,B,B,Private,Private
2024-03-10 15:57:07,PERMIT,1.0,eth0,172.17.0.3,172.17.0.2,TCP,43332.0,22.0,2024,3,10,15:57:07,Registered,well-known,15,B,B,Private,Private
2024-03-10 15:57:09,DENY,34.0,eth0,172.17.0.3,172.17.0.2,TCP,43332.0,445.0,2024,3,10,15:57:09,Registered,well-known,15,B,B,Private,Private
2024-03-10 15:57:09,PERMIT,5.0,eth0,172.17.0.3,172.17.0.2,TCP,43332.0,3306.0,2024,3,10,15:57:09,Registered,Registered,15,B,B,Private,Private
2024-03-10 15:57:11,DENY,34.0,eth0,172.17.0.3,172.17.0.2,TCP,43332.0,135.0,2024,3,10,15:57:11,Registered,well-known,15,B,B,Private,Private
2024-03-10 15:57:11,DENY,34.0,eth0,172.17.0.3,172.17.0.2,TCP,43332.0,139.0,2024,3,10,15:57:11,Registered,well-known,15,B,B,Private,Private
2024-03-10 15:57:13,PERMIT,4.0,eth0,172.17.0.3,172.17.0.2,TCP,43332.0,80.0,2024,3,10,15:57:13,Registered,well-known,15,B,B,Private,Private
2024-03-10 15:57:13,DENY,34.0,eth0,172.17.0.3,172.17.0.2,TCP,43332.0,110.0,2024,3,10,15:57:13,Registered,well-known,15,B,B,Private,Private
2024-03-10 15:57:15,DENY,34.0,eth0,172.17.0.3,172.17.0.2,TCP,43332.0,587.0,2024,3,10,15:57:15,Registered,well-known,15,B,B,Private,Private
2024-03-10 15:57:15,DENY,34.0,eth0,172.17.0.3,172.17.0.2,TCP,43332.0,3389.0,2024,3,10,15:57:15,Registered,Registered,15,B,B,Private,Private
2024-03-10 15:57:17,DENY,34.0,eth0,172.17.0.3,172.17.0.2,TCP,43332.0,81.0,2024,3,10,15:57:17,Registered,well-known,15,B,B,Private,Private
2024-03-10 15:57:17,DENY,34.0,eth0,172.17.0.3,172.17.0.2,TCP,43332.0,1027.0,2024,3,10,15:57:17,Registered,Registered,15,B,B,Private,Private
2024-03-10 15:57:19,DENY,34.0,eth0,172.17.0.3,172.17.0.2,TCP,43332.0,1029.0,2024,3,10,15:57:19,Registered,Registered,15,B,B,Private,Private
2024-03-10 15:57:19,DENY,34.0,eth0,172.17.0.3,172.17.0.2,TCP,43332.0,2717.0,2024,3,10,15:57:19,Registered,Registered,15,B,B,Private,Private
2024-03-10 15:57:21,DENY,34.0,eth0,172.17.0.3,172.17.0.2,TCP,43332.0,49156.0,2024,3,10,15:57:21,Registered,Dynamic,15,B,B,Private,Private
2024-03-10 15:57:21,DENY,34.0,eth0,172.17.0.3,172.17.0.2,TCP,43332.0,10000.0,2024,3,10,15:57:21,Registered,Registered,15,B,B,Private,Private
2024-03-10 15:57:23,DENY,34.0,eth0,172.17.0.3,172.17.0.2,TCP,43332.0,49157.0,2024,3,10,15:57:23,Registered,Dynamic,15,B,B,Private,Private
2024-03-10 15:57:23,DENY,34.0,eth0,172.17.0.3,172.17.0.2,TCP,43332.0,88.0,2024,3,10,15:57:23,Registered,well-known,15,B,B,Private,Private
2024-03-10 15:57:24,PERMIT,6.0,eth0,192.168.65.7,172.17.0.2,UDP,53.0,33007.0,2024,3,10,15:57:24,well-known,Registered,15,C,B,Private,Private
2024-03-10 15:57:24,PERMIT,6.0,eth0,192.168.65.7,172.17.0.2,UDP,53.0,39836.0,2024,3,10,15:57:24,well-known,Registered,15,C,B,Private,Private
2024-03-10 15:57:24,PERMIT,6.0,eth0,192.168.65.7,172.17.0.2,UDP,53.0,59841.0,2024,3,10,15:57:24,well-known,Dynamic,15,C,B,Private,Private
2024-03-10 15:57:24,PERMIT,6.0,eth0,192.168.65.7,172.17.0.2,UDP,53.0,55570.0,2024,3,10,15:57:24,well-known,Dynamic,15,C,B,Private,Private
2024-03-10 15:57:24,PERMIT,6.0,eth0,192.168.65.7,172.17.0.2,UDP,53.0,37078.0,2024,3,10,15:57:24,well-known,Registered,15,C,B,Private,Private
2024-03-10 15:57:24,DENY,34.0,eth0,172.17.0.3,172.17.0.2,TCP,43332.0,3986.0,2024,3,10,15:57:24,Registered,Registered,15,B,B,Private,Private
2024-03-10 15:57:26,DENY,34.0,eth0,172.17.0.3,172.17.0.2,TCP,43332.0,49153.0,2024,3,10,15:57:26,Registered,Dynamic,15,B,B,Private,Private
2024-03-10 15:57:26,DENY,34.0,eth0,172.17.0.3,172.17.0.2,TCP,43332.0,5190.0,2024,3,10,15:57:26,Registered,Registered,15,B,B,Private,Private
2024-03-10 15:57:28,DENY,34.0,eth0,172.17.0.3,172.17.0.2,TCP,43332.0,5009.0,2024,3,10,15:57:28,Registered,Registered,15,B,B,Private,Private
2024-03-10 15:57:28,DENY,34.0,eth0,172.17.0.3,172.17.0.2,TCP,43332.0,389.0,2024,3,10,15:57:28,Registered,well-known,15,B,B,Private,Private
2024-03-10 15:57:30,DENY,34.0,eth0,172.17.0.3,172.17.0.2,TCP,43332.0,8009.0,2024,3,10,15:57:30,Registered,Registered,15,B,B,Private,Private
2024-03-10 15:57:30,DENY,34.0,eth0,172.17.0.3,172.17.0.2,TCP,43332.0,2049.0,2024,3,10,15:57:30,Registered,Registered,15,B,B,Private,Private
2024-03-10 15:57:32,DENY,34.0,eth0,172.17.0.3,172.17.0.2,TCP,43332.0,1028.0,2024,3,10,15:57:32,Registered,Registered,15,B,B,Private,Private
2024-03-10 15:57:38,DENY,34.0,eth0,172.17.0.3,172.17.0.2,TCP,59805.0,110.0,2024,3,10,15:57:38,Dynamic,well-known,15,B,B,Private,Private
2024-03-10 15:57:38,DENY,34.0,eth0,172.17.0.3,172.17.0.2,TCP,59805.0,199.0,2024,3,10,15:57:38,Dynamic,well-known,15,B,B,Private,Private
2024-03-10 15:57:40,PERMIT,4.0,eth0,172.17.0.3,172.17.0.2,TCP,59805.0,80.0,2024,3,10,15:57:40,Dynamic,well-known,15,B,B,Private,Private
2024-03-10 15:57:40,PERMIT,4.0,eth0,172.17.0.3,172.17.0.2,TCP,59805.0,80.0,2024,3,10,15:57:40,Dynamic,well-known,15,B,B,Private,Private
2024-03-10 15:57:40,DENY,34.0,eth0,172.17.0.3,172.17.0.2,TCP,59805.0,53.0,2024,3,10,15:57:40,Dynamic,well-known,15,B,B,Private,Private
2024-03-10 15:57:42,PERMIT,1.0,eth0,172.17.0.3,172.17.0.2,TCP,59805.0,22.0,2024,3,10,15:57:42,Dynamic,well-known,15,B,B,Private,Private
2024-03-10 15:57:42,PERMIT,1.0,eth0,172.17.0.3,172.17.0.2,TCP,59805.0,22.0,2024,3,10,15:57:42,Dynamic,well-known,15,B,B,Private,Private
2024-03-10 15:57:42,DENY,34.0,eth0,172.17.0.3,172.17.0.2,TCP,59805.0,1025.0,2024,3,10,15:57:42,Dynamic,Registered,15,B,B,Private,Private
2024-03-10 15:57:44,DENY,34.0,eth0,172.17.0.3,172.17.0.2,TCP,59805.0,443.0,2024,3,10,15:57:44,Dynamic,well-known,15,B,B,Private,Private
2024-03-10 15:57:44,DENY,34.0,eth0,172.17.0.3,172.17.0.2,TCP,59805.0,443.0,2024,3,10,15:57:44,Dynamic,well-known,15,B,B,Private,Private
2024-03-10 15:57:44,DENY,34.0,eth0,172.17.0.3,172.17.0.2,TCP,59805.0,25.0,2024,3,10,15:57:44,Dynamic,well-known,15,B,B,Private,Private
2024-03-10 15:57:46,DENY,34.0,eth0,172.17.0.3,172.17.0.2,TCP,59805.0,135.0,2024,3,10,15:57:46,Dynamic,well-known,15,B,B,Private,Private
2024-03-10 15:57:46,PERMIT,3.0,eth0,172.17.0.3,172.17.0.2,TCP,59805.0,21.0,2024,3,10,15:57:46,Dynamic,well-known,15,B,B,Private,Private
2024-03-10 15:57:48,PERMIT,5.0,eth0,172.17.0.3,172.17.0.2,TCP,59805.0,3306.0,2024,3,10,15:57:48,Dynamic,Registered,15,B,B,Private,Private
2024-03-10 15:57:48,DENY,34.0,eth0,172.17.0.3,172.17.0.2,TCP,59805.0,5900.0,2024,3,10,15:57:48,Dynamic,Registered,15,B,B,Private,Private
2024-03-10 15:57:50,DENY,34.0,eth0,172.17.0.3,172.17.0.2,TCP,59805.0,995.0,2024,3,10,15:57:50,Dynamic,well-known,15,B,B,Private,Private
2024-03-10 15:57:50,DENY,34.0,eth0,172.17.0.3,172.17.0.2,TCP,59805.0,993.0,2024,3,10,15:57:50,Dynamic,well-known,15,B,B,Private,Private
2024-03-10 15:57:52,PERMIT,2.0,eth0,172.17.0.3,172.17.0.2,TCP,59805.0,23.0,2024,3,10,15:57:52,Dynamic,well-known,15,B,B,Private,Private
2024-03-10 15:57:52,PERMIT,2.0,eth0,172.17.0.3,172.17.0.2,TCP,59805.0,23.0,2024,3,10,15:57:52,Dynamic,well-known,15,B,B,Private,Private
2024-03-10 15:57:52,DENY,34.0,eth0,172.17.0.3,172.17.0.2,TCP,59805.0,445.0,2024,3,10,15:57:52,Dynamic,well-known,15,B,B,Private,Private
2024-03-10 15:57:54,DENY,34.0,eth0,172.17.0.3,172.17.0.2,TCP,59805.0,143.0,2024,3,10,15:57:54,Dynamic,well-known,15,B,B,Private,Private
2024-03-10 15:57:54,DENY,34.0,eth0,172.17.0.3,172.17.0.2,TCP,59805.0,111.0,2024,3,10,15:57:54,Dynamic,well-known,15,B,B,Private,Private
2024-03-10 15:57:56,DENY,34.0,eth0,172.17.0.3,172.17.0.2,TCP,59805.0,8080.0,2024,3,10,15:57:56,Dynamic,Registered,15,B,B,Private,Private
2024-03-10 15:57:56,DENY,34.0,eth0,172.17.0.3,172.17.0.2,TCP,59805.0,3389.0,2024,3,10,15:57:56,Dynamic,Registered,15,B,B,Private,Private
2024-03-10 15:57:58,DENY,34.0,eth0,172.17.0.3,172.17.0.2,TCP,59805.0,587.0,2024,3,10,15:57:58,Dynamic,well-known,15,B,B,Private,Private
2024-03-10 15:57:58,DENY,34.0,eth0,172.17.0.3,172.17.0.2,TCP,59805.0,1723.0,2024,3,10,15:57:58,Dynamic,Registered,15,B,B,Private,Private
2024-03-10 15:58:00,DENY,34.0,eth0,172.17.0.3,172.17.0.2,TCP,59805.0,554.0,2024,3,10,15:58:00,Dynamic,well-known,15,B,B,Private,Private
2024-03-10 15:58:00,DENY,34.0,eth0,172.17.0.3,172.17.0.2,TCP,59805.0,139.0,2024,3,10,15:58:00,Dynamic,well-known,15,B,B,Private,Private
2024-03-10 15:58:02,DENY,34.0,eth0,172.17.0.3,172.17.0.2,TCP,59805.0,8888.0,2024,3,10,15:58:02,Dynamic,Registered,15,B,B,Private,Private
2024-03-10 15:58:02,DENY,34.0,eth0,172.17.0.3,172.17.0.2,TCP,59805.0,113.0,2024,3,10,15:58:02,Dynamic,well-known,15,B,B,Private,Private
2024-03-10 15:58:04,DENY,34.0,eth0,172.17.0.3,172.17.0.2,TCP,59805.0,1720.0,2024,3,10,15:58:04,Dynamic,Registered,15,B,B,Private,Private
2024-03-10 15:58:04,DENY,34.0,eth0,172.17.0.3,172.17.0.2,TCP,59805.0,1755.0,2024,3,10,15:58:04,Dynamic,Registered,15,B,B,Private,Private
2024-03-10 15:58:06,DENY,34.0,eth0,172.17.0.3,172.17.0.2,TCP,59805.0,631.0,2024,3,10,15:58:06,Dynamic,well-known,15,B,B,Private,Private
2024-03-10 15:58:06,DENY,34.0,eth0,172.17.0.3,172.17.0.2,TCP,59805.0,5009.0,2024,3,10,15:58:06,Dynamic,Registered,15,B,B,Private,Private
2024-03-10 15:58:08,DENY,34.0,eth0,172.17.0.3,172.17.0.2,TCP,59805.0,3128.0,2024,3,10,15:58:08,Dynamic,Registered,15,B,B,Private,Private
2024-03-10 15:58:08,DENY,34.0,eth0,172.17.0.3,172.17.0.2,TCP,59805.0,5800.0,2024,3,10,15:58:08,Dynamic,Registered,15,B,B,Private,Private
2024-03-10 15:58:10,DENY,34.0,eth0,172.17.0.3,172.17.0.2,TCP,59805.0,543.0,2024,3,10,15:58:10,Dynamic,well-known,15,B,B,Private,Private
2024-03-10 15:58:10,DENY,34.0,eth0,172.17.0.3,172.17.0.2,TCP,59805.0,544.0,2024,3,10,15:58:10,Dynamic,well-known,15,B,B,Private,Private
2024-03-10 15:58:12,DENY,34.0,eth0,172.17.0.3,172.17.0.2,TCP,59805.0,5631.0,2024,3,10,15:58:12,Dynamic,Registered,15,B,B,Private,Private
2024-03-10 15:58:12,DENY,34.0,eth0,172.17.0.3,172.17.0.2,TCP,59805.0,873.0,2024,3,10,15:58:12,Dynamic,well-known,15,B,B,Private,Private
2024-03-10 15:58:14,DENY,34.0,eth0,172.17.0.3,172.17.0.2,TCP,59805.0,5051.0,2024,3,10,15:58:14,Dynamic,Registered,15,B,B,Private,Private
2024-03-10 15:58:14,DENY,34.0,eth0,172.17.0.3,172.17.0.2,TCP,59805.0,1026.0,2024,3,10,15:58:14,Dynamic,Registered,15,B,B,Private,Private
2024-03-10 15:58:16,DENY,34.0,eth0,172.17.0.3,172.17.0.2,TCP,59805.0,1110.0,2024,3,10,15:58:16,Dynamic,Registered,15,B,B,Private,Private
2024-03-10 15:58:16,DENY,34.0,eth0,172.17.0.3,172.17.0.2,TCP,59805.0,144.0,2024,3,10,15:58:16,Dynamic,well-known,15,B,B,Private,Private
2024-03-10 15:58:18,DENY,34.0,eth0,172.17.0.3,172.17.0.2,TCP,59805.0,49153.0,2024,3,10,15:58:18,Dynamic,Dynamic,15,B,B,Private,Private
2024-03-10 15:58:18,DENY,34.0,eth0,172.17.0.3,172.17.0.2,TCP,59805.0,548.0,2024,3,10,15:58:18,Dynamic,well-known,15,B,B,Private,Private
2024-03-10 15:58:20,DENY,34.0,eth0,172.17.0.3,172.17.0.2,TCP,59805.0,990.0,2024,3,10,15:58:20,Dynamic,well-known,15,B,B,Private,Private
2024-03-10 15:58:20,DENY,34.0,eth0,172.17.0.3,172.17.0.2,TCP,59805.0,4899.0,2024,3,10,15:58:20,Dynamic,Registered,15,B,B,Private,Private
2024-03-10 15:58:22,DENY,34.0,eth0,172.17.0.3,172.17.0.2,TCP,59805.0,32768.0,2024,3,10,15:58:22,Dynamic,Registered,15,B,B,Private,Private
2024-03-10 15:58:22,DENY,34.0,eth0,172.17.0.3,172.17.0.2,TCP,59805.0,465.0,2024,3,10,15:58:22,Dynamic,well-known,15,B,B,Private,Private
2024-03-10 15:58:24,DENY,34.0,eth0,172.17.0.3,172.17.0.2,TCP,59805.0,8081.0,2024,3,10,15:58:24,Dynamic,Registered,15,B,B,Private,Private
2024-03-10 15:58:24,DENY,34.0,eth0,172.17.0.3,172.17.0.2,TCP,59805.0,5060.0,2024,3,10,15:58:24,Dynamic,Registered,15,B,B,Private,Private
2024-03-10 15:58:26,DENY,34.0,eth0,172.17.0.3,172.17.0.2,TCP,59805.0,49154.0,2024,3,10,15:58:26,Dynamic,Dynamic,15,B,B,Private,Private
2024-03-10 15:58:26,DENY,34.0,eth0,172.17.0.3,172.17.0.2,TCP,59805.0,389.0,2024,3,10,15:58:26,Dynamic,well-known,15,B,B,Private,Private
2024-03-10 15:58:28,DENY,34.0,eth0,172.17.0.3,172.17.0.2,TCP,59805.0,13.0,2024,3,10,15:58:28,Dynamic,well-known,15,B,B,Private,Private
2024-03-10 15:58:28,DENY,34.0,eth0,172.17.0.3,172.17.0.2,TCP,59805.0,427.0,2024,3,10,15:58:28,Dynamic,well-known,15,B,B,Private,Private
2024-03-10 15:58:30,DENY,34.0,eth0,172.17.0.3,172.17.0.2,TCP,59805.0,6646.0,2024,3,10,15:58:30,Dynamic,Registered,15,B,B,Private,Private
2024-03-10 15:58:30,DENY,34.0,eth0,172.17.0.3,172.17.0.2,TCP,59805.0,9999.0,2024,3,10,15:58:30,Dynamic,Registered,15,B,B,Private,Private
2024-03-10 15:58:32,DENY,34.0,eth0,172.17.0.3,172.17.0.2,TCP,59805.0,5666.0,2024,3,10,15:58:32,Dynamic,Registered,15,B,B,Private,Private
2024-03-10 15:58:32,DENY,34.0,eth0,172.17.0.3,172.17.0.2,TCP,59805.0,2000.0,2024,3,10,15:58:32,Dynamic,Registered,15,B,B,Private,Private
2024-03-10 15:58:34,DENY,34.0,eth0,172.17.0.3,172.17.0.2,TCP,59805.0,2001.0,2024,3,10,15:58:34,Dynamic,Registered,15,B,B,Private,Private
2024-03-10 15:58:34,DENY,34.0,eth0,172.17.0.3,172.17.0.2,TCP,59805.0,2717.0,2024,3,10,15:58:34,Dynamic,Registered,15,B,B,Private,Private
2024-03-10 15:58:36,DENY,34.0,eth0,172.17.0.3,172.17.0.2,TCP,59805.0,8008.0,2024,3,10,15:58:36,Dynamic,Registered,15,B,B,Private,Private
2024-03-10 15:58:36,DENY,34.0,eth0,172.17.0.3,172.17.0.2,TCP,59805.0,646.0,2024,3,10,15:58:36,Dynamic,well-known,15,B,B,Private,Private
2024-03-10 15:58:38,DENY,34.0,eth0,172.17.0.3,172.17.0.2,TCP,59805.0,3000.0,2024,3,10,15:58:38,Dynamic,Registered,15,B,B,Private,Private
2024-03-10 15:58:38,DENY,34.0,eth0,172.17.0.3,172.17.0.2,TCP,59805.0,5000.0,2024,3,10,15:58:38,Dynamic,Registered,15,B,B,Private,Private
2024-03-10 15:58:40,DENY,34.0,eth0,172.17.0.3,172.17.0.2,TCP,59805.0,49152.0,2024,3,10,15:58:40,Dynamic,Dynamic,15,B,B,Private,Private
2024-03-10 15:58:40,DENY,34.0,eth0,172.17.0.3,172.17.0.2,TCP,59805.0,9100.0,2024,3,10,15:58:40,Dynamic,Registered,15,B,B,Private,Private
2024-03-10 15:58:42,DENY,34.0,eth0,172.17.0.3,172.17.0.2,TCP,59805.0,5357.0,2024,3,10,15:58:42,Dynamic,Registered,15,B,B,Private,Private
2024-03-10 15:58:42,DENY,34.0,eth0,172.17.0.3,172.17.0.2,TCP,59805.0,79.0,2024,3,10,15:58:42,Dynamic,well-known,15,B,B,Private,Private
2024-03-10 15:58:44,DENY,34.0,eth0,172.17.0.3,172.17.0.2,TCP,59805.0,444.0,2024,3,10,15:58:44,Dynamic,well-known,15,B,B,Private,Private
2024-03-10 15:58:44,DENY,34.0,eth0,172.17.0.3,172.17.0.2,TCP,59805.0,6001.0,2024,3,10,15:58:44,Dynamic,Registered,15,B,B,Private,Private
2024-03-10 15:58:46,DENY,34.0,eth0,172.17.0.3,172.17.0.2,TCP,59805.0,1028.0,2024,3,10,15:58:46,Dynamic,Registered,15,B,B,Private,Private
2024-03-10 15:58:46,DENY,34.0,eth0,172.17.0.3,172.17.0.2,TCP,59805.0,1029.0,2024,3,10,15:58:46,Dynamic,Registered,15,B,B,Private,Private
2024-03-10 15:58:48,DENY,34.0,eth0,172.17.0.3,172.17.0.2,TCP,59805.0,2049.0,2024,3,10,15:58:48,Dynamic,Registered,15,B,B,Private,Private
2024-03-10 15:58:48,DENY,34.0,eth0,172.17.0.3,172.17.0.2,TCP,59805.0,49157.0,2024,3,10,15:58:48,Dynamic,Dynamic,15,B,B,Private,Private
2024-03-10 15:58:50,DENY,34.0,eth0,172.17.0.3,172.17.0.2,TCP,59805.0,8000.0,2024,3,10,15:58:50,Dynamic,Registered,15,B,B,Private,Private
2024-03-10 15:58:50,DENY,34.0,eth0,172.17.0.3,172.17.0.2,TCP,59805.0,49156.0,2024,3,10,15:58:50,Dynamic,Dynamic,15,B,B,Private,Private
2024-03-10 15:58:52,DENY,34.0,eth0,172.17.0.3,172.17.0.2,TCP,59805.0,88.0,2024,3,10,15:58:52,Dynamic,well-known,15,B,B,Private,Private
2024-03-10 15:58:52,DENY,34.0,eth0,172.17.0.3,172.17.0.2,TCP,59805.0,7.0,2024,3,10,15:58:52,Dynamic,well-known,15,B,B,Private,Private
2024-03-10 15:58:54,DENY,34.0,eth0,172.17.0.3,172.17.0.2,TCP,59805.0,6000.0,2024,3,10,15:58:54,Dynamic,Registered,15,B,B,Private,Private
2024-03-10 15:58:54,DENY,34.0,eth0,172.17.0.3,172.17.0.2,TCP,59805.0,8009.0,2024,3,10,15:58:54,Dynamic,Registered,15,B,B,Private,Private
2024-03-10 15:58:56,DENY,34.0,eth0,172.17.0.3,172.17.0.2,TCP,59805.0,179.0,2024,3,10,15:58:56,Dynamic,well-known,15,B,B,Private,Private
2024-03-10 15:58:56,DENY,34.0,eth0,172.17.0.3,172.17.0.2,TCP,59805.0,515.0,2024,3,10,15:58:56,Dynamic,well-known,15,B,B,Private,Private
2024-03-10 15:58:58,DENY,34.0,eth0,172.17.0.3,172.17.0.2,TCP,59805.0,10000.0,2024,3,10,15:58:58,Dynamic,Registered,15,B,B,Private,Private
2024-03-10 15:58:58,DENY,34.0,eth0,172.17.0.3,172.17.0.2,TCP,59805.0,1900.0,2024,3,10,15:58:58,Dynamic,Registered,15,B,B,Private,Private
2024-03-10 15:59:00,DENY,34.0,eth0,172.17.0.3,172.17.0.2,TCP,59805.0,5101.0,2024,3,10,15:59:00,Dynamic,Registered,15,B,B,Private,Private
2024-03-10 15:59:00,DENY,34.0,eth0,172.17.0.3,172.17.0.2,TCP,59805.0,106.0,2024,3,10,15:59:00,Dynamic,well-known,15,B,B,Private,Private
2024-03-10 15:59:02,DENY,34.0,eth0,172.17.0.3,172.17.0.2,TCP,59805.0,1027.0,2024,3,10,15:59:02,Dynamic,Registered,15,B,B,Private,Private
2024-03-10 15:59:02,DENY,34.0,eth0,172.17.0.3,172.17.0.2,TCP,59805.0,514.0,2024,3,10,15:59:02,Dynamic,well-known,15,B,B,Private,Private
2024-03-10 15:59:04,DENY,34.0,eth0,172.17.0.3,172.17.0.2,TCP,59805.0,1433.0,2024,3,10,15:59:04,Dynamic,Registered,15,B,B,Private,Private
2024-03-10 15:59:04,DENY,34.0,eth0,172.17.0.3,172.17.0.2,TCP,59805.0,26.0,2024,3,10,15:59:04,Dynamic,well-known,15,B,B,Private,Private
2024-03-10 15:59:06,DENY,34.0,eth0,172.17.0.3,172.17.0.2,TCP,59805.0,37.0,2024,3,10,15:59:06,Dynamic,well-known,15,B,B,Private,Private
2024-03-10 15:59:06,DENY,34.0,eth0,172.17.0.3,172.17.0.2,TCP,59805.0,5432.0,2024,3,10,15:59:06,Dynamic,Registered,15,B,B,Private,Private
2024-03-10 15:59:08,DENY,34.0,eth0,172.17.0.3,172.17.0.2,TCP,59805.0,49155.0,2024,3,10,15:59:08,Dynamic,Dynamic,15,B,B,Private,Private
2024-03-10 15:59:08,DENY,34.0,eth0,172.17.0.3,172.17.0.2,TCP,59805.0,2121.0,2024,3,10,15:59:08,Dynamic,Registered,15,B,B,Private,Private
2024-03-10 15:59:10,DENY,34.0,eth0,172.17.0.3,172.17.0.2,TCP,59805.0,81.0,2024,3,10,15:59:10,Dynamic,well-known,15,B,B,Private,Private
2024-03-10 15:59:10,DENY,34.0,eth0,172.17.0.3,172.17.0.2,TCP,59805.0,8443.0,2024,3,10,15:59:10,Dynamic,Registered,15,B,B,Private,Private
2024-03-10 15:59:12,DENY,34.0,eth0,172.17.0.3,172.17.0.2,TCP,59805.0,7070.0,2024,3,10,15:59:12,Dynamic,Registered,15,B,B,Private,Private
2024-03-10 15:59:12,DENY,34.0,eth0,172.17.0.3,172.17.0.2,TCP,59805.0,3986.0,2024,3,10,15:59:12,Dynamic,Registered,15,B,B,Private,Private
2024-03-10 15:59:14,DENY,34.0,eth0,172.17.0.3,172.17.0.2,TCP,59805.0,9.0,2024,3,10,15:59:14,Dynamic,well-known,15,B,B,Private,Private
2024-03-10 15:59:14,DENY,34.0,eth0,172.17.0.3,172.17.0.2,TCP,59805.0,5190.0,2024,3,10,15:59:14,Dynamic,Registered,15,B,B,Private,Private
2024-03-10 15:59:16,DENY,34.0,eth0,172.17.0.3,172.17.0.2,TCP,59805.0,119.0,2024,3,10,15:59:16,Dynamic,well-known,15,B,B,Private,Private
2024-03-10 15:59:16,DENY,34.0,eth0,172.17.0.3,172.17.0.2,TCP,59805.0,513.0,2024,3,10,15:59:16,Dynamic,well-known,15,B,B,Private,Private
2024-03-10 16:14:02,PERMIT,6.0,eth0,192.168.65.7,172.17.0.2,UDP,53.0,47127.0,2024,3,10,16:14:02,well-known,Registered,16,C,B,Private,Private
2024-03-10 16:14:02,PERMIT,6.0,eth0,192.168.65.7,172.17.0.2,UDP,53.0,44909.0,2024,3,10,16:14:02,well-known,Registered,16,C,B,Private,Private
2024-03-10 16:14:02,PERMIT,6.0,eth0,192.168.65.7,172.17.0.2,UDP,53.0,59667.0,2024,3,10,16:14:02,well-known,Dynamic,16,C,B,Private,Private
2024-03-10 16:14:02,PERMIT,6.0,eth0,192.168.65.7,172.17.0.2,UDP,53.0,32818.0,2024,3,10,16:14:02,well-known,Registered,16,C,B,Private,Private
2024-03-10 16:14:02,PERMIT,6.0,eth0,192.168.65.7,172.17.0.2,UDP,53.0,56718.0,2024,3,10,16:14:02,well-known,Dynamic,16,C,B,Private,Private
2024-03-10 16:14:32,PERMIT,6.0,eth0,192.168.65.7,172.17.0.2,UDP,53.0,44957.0,2024,3,10,16:14:32,well-known,Registered,16,C,B,Private,Private
2024-03-10 16:14:32,PERMIT,6.0,eth0,192.168.65.7,172.17.0.2,UDP,53.0,58665.0,2024,3,10,16:14:32,well-known,Dynamic,16,C,B,Private,Private
2024-03-10 16:14:32,PERMIT,6.0,eth0,192.168.65.7,172.17.0.2,UDP,53.0,55048.0,2024,3,10,16:14:32,well-known,Dynamic,16,C,B,Private,Private
2024-03-10 16:14:32,PERMIT,6.0,eth0,192.168.65.7,172.17.0.2,UDP,53.0,35610.0,2024,3,10,16:14:32,well-known,Registered,16,C,B,Private,Private
2024-03-10 16:14:32,PERMIT,6.0,eth0,192.168.65.7,172.17.0.2,UDP,53.0,57028.0,2024,3,10,16:14:32,well-known,Dynamic,16,C,B,Private,Private
2024-03-10 16:18:42,PERMIT,6.0,eth0,192.168.65.7,172.17.0.2,UDP,53.0,49328.0,2024,3,10,16:18:42,well-known,Dynamic,16,C,B,Private,Private
2024-03-10 16:18:42,PERMIT,6.0,eth0,192.168.65.7,172.17.0.2,UDP,53.0,56125.0,2024,3,10,16:18:42,well-known,Dynamic,16,C,B,Private,Private
2024-03-10 16:18:42,PERMIT,6.0,eth0,192.168.65.7,172.17.0.2,UDP,53.0,44719.0,2024,3,10,16:18:42,well-known,Registered,16,C,B,Private,Private
2024-03-10 16:18:42,PERMIT,6.0,eth0,192.168.65.7,172.17.0.2,UDP,53.0,41008.0,2024,3,10,16:18:42,well-known,Registered,16,C,B,Private,Private
2024-03-10 16:18:42,PERMIT,6.0,eth0,192.168.65.7,172.17.0.2,UDP,53.0,42623.0,2024,3,10,16:18:42,well-known,Registered,16,C,B,Private,Private
2024-03-10 16:21:54,PERMIT,6.0,eth0,192.168.65.7,172.17.0.2,UDP,53.0,35429.0,2024,3,10,16:21:54,well-known,Registered,16,C,B,Private,Private
2024-03-10 16:21:54,PERMIT,6.0,eth0,192.168.65.7,172.17.0.2,UDP,53.0,53670.0,2024,3,10,16:21:54,well-known,Dynamic,16,C,B,Private,Private
2024-03-10 16:21:54,PERMIT,6.0,eth0,192.168.65.7,172.17.0.2,UDP,53.0,55656.0,2024,3,10,16:21:54,well-known,Dynamic,16,C,B,Private,Private
2024-03-10 16:21:54,PERMIT,6.0,eth0,192.168.65.7,172.17.0.2,UDP,53.0,43357.0,2024,3,10,16:21:54,well-known,Registered,16,C,B,Private,Private
2024-03-10 16:21:54,PERMIT,6.0,eth0,192.168.65.7,172.17.0.2,UDP,53.0,38925.0,2024,3,10,16:21:54,well-known,Registered,16,C,B,Private,Private
